--
-- Database: `tenant_ecom`
--

-- --------------------------------------------------------

--
-- Dumping data for table `brands`
--

-- INSERT INTO `brands` (`id`, `name`, `website`, `contact_person`, `contact_number`, `contact_email`, `created_at`, `updated_at`) VALUES
-- -- (8, 'Acer', NULL, NULL, NULL, NULL, '2021-07-31 02:42:44', '2021-07-31 02:42:44'),
-- (56, 'Test Brand', 'testbrand.com', 'Mr. Test', '01712000000', 'info@testbrand.com', '2021-07-31 02:59:30', '2021-07-31 02:59:30'),
-- (57, 'Another Brand', 'anotherbrand.com', 'Mr. another', '01712000000', 'info@anotherbrand.com', '2021-07-31 02:59:30', '2021-07-31 02:59:30');

-- --------------------------------------------------------

--
-- Dumping data for table `categories`
--

INSERT INTO `categories` (`id`, `parent_id`, `order`, `name`, `slug`, `created_at`, `updated_at`) VALUES
-- (3, NULL, 1, 'Laptop', 'laptop', '2021-07-30 19:32:12', '2021-07-30 19:32:12'),
(3, NULL, 1, 'Test Parent', 'test-parent', '2021-07-30 19:32:12', '2021-07-30 19:32:12'),
(5, 3, 1, 'Test Child', 'test-child', '2021-07-30 19:33:19', '2021-07-30 19:33:19'),
(24, 3, 1, 'Test Child 2', 'test-child-2', '2021-08-01 15:34:54', '2021-08-01 15:34:54'),
(25, NULL, 1, 'Another Parent', 'another-parent', '2021-08-01 15:34:54', '2021-08-01 15:34:54');

-- --------------------------------------------------------

--
-- Dumping data for table `images`
--

-- INSERT INTO `images` (`id`, `url`, `name`, `alt`, `caption`, `description`, `created_at`, `updated_at`) VALUES
-- (1, 'http://admin.jetnd.com/storage/uploads/2021/07/610143e49d0b9_iStock_000010457270_Small.jpg', '610143e49d0b9_iStock_000010457270_Small.jpg', '', '', '', '2021-07-28 21:47:48', '2021-07-28 21:47:48'),
-- (149, 'https://admin.jetnd.com/storage/uploads/2021/08/6109133f18c8d_HP PAVILION 15-Cs2101TX I7 8TH GEN 8565U-1.80 TO 4.60 GHZ- 7NU70PA.jpg', '6109133f18c8d_HP PAVILION 15-Cs2101TX I7 8TH GEN 8565U-1.80 TO 4.60 GHZ- 7NU70PA.jpg', '', '', '', '2021-08-03 14:58:23', '2021-08-03 14:58:23');

-- --------------------------------------------------------

--
-- Dumping data for table `products`
--

INSERT INTO `products` (`id`, `name`, `slug`, `short_description`, `description`, `regular_price`, `sale_price`, `featured_img`, `sku`, `stock_available`, `stock_quantity`, `what_is_q`, `what_is_a`, `shop_id`, `brand_id`, `created_at`, `updated_at`, `product_attributes`) VALUES
(11, 'Dell OptiPlex 3080 Core i5 10th Gen Tower Desktop Computer', 'dell-optiplex-3080-tower-desktop-computer-core-i5-10th-gen', '<p class=\"short-details\"> DELL OptiPlex 3080 Tower </p>\r\n<p class=\"mt-4 fw-bold brand-font\">Key Features</p>\r\n<table class=\"table table-striped\">\r\n    <tbody>\r\n        <tr>\r\n            <th scope=\"row\"> Model </th>\r\n            <td> DELL OptiPlex 3080 </td>\r\n        </tr>\r\n        <tr>\r\n            <th scope=\"row\"> Processor </th>\r\n            <td> 10th Generation Intel® Core™ i5-10500, 12 MB Cache, 6 Cores, 12 Threads, 3.10 GHz to 4.50 GHz, 65 W </td>\r\n        </tr>\r\n        <tr>\r\n            <th scope=\"row\"> Memory </th>\r\n            <td> 4GB 2666Mhz DDR4 RAM (2 DIMM Slots) </td>\r\n        </tr>\r\n        <tr>\r\n            <th scope=\"row\"> Storage </th>\r\n            <td> 1TB 7200 rpm HDD </td>\r\n        </tr>\r\n        <tr>\r\n            <th scope=\"row\"> Graphics </th>\r\n            <td> Intel® UHD Graphics 630 </td>\r\n        </tr>\r\n	<tr>\r\n            <th scope=\"row\"> Warranty </th>\r\n            <td> 3 Years </td>\r\n        </tr>\r\n    </tbody>\r\n</table>', '<h2>Dell OptiPlex 3080 tower brand PC price in Bangladesh</h2>\r\nGet the latest Dell OptiPlex 3080 tower brand pc price in Bangladesh which is USA made and assembled country Malaysia/China with Processor 10th Generation Intel® Core™ i5-10500, 12 MB Cache, 6 Cores, 12 Threads, 3.10 GHz to 4.50 GHz, 65 W Cache Memory 12MB Cache, Chipset  Intel® B460, Memory 4GB 2666Mhz DDR4 RAM (2 DIMM Slots), Hard Drive 1TB 7200 rpm Hard Drive, Graphics Intel® UHD Graphics 630, Optical Drive DVD-RW Drive (Reads and Writes to DVD/CD), Slots 1 full-height PCIe x16 Gen 3 slot2 full-height PCIe x1 Gen 3 slot 1 M.2 2230 slot for wireless1 M.2 2230/2280 slot for storage3 SATA slot, Port 1 RJ-45 port 10/100/1000 Mbps (rear) 2 USB 2.0 Type-A ports (front) 2 USB 3.2 Gen 1 Type-A port (front) 2 USB 2.0 ports with Smart Power on (rear) 2 USB 3.2 Gen 1 Type-A ports (rear) 1 Universal Audio Jack (front) 1 Line-out audio port (rear, retaksable) 1 DisplayPort 1.4 (rear) 1 HDMI 1.4b port (rear) 1 Serial /PS2 slot (optional) 1 Optional 3rd Video Port (VGA/DP 1.4/HDMI 2.0b), Security McAfee eCard 15Month Subscription, Monitor DELL 18.5\" Monitor, Keyboard Dell USB Business Keyboard, Mouse Dell USB Optical Mouse, Power supply Unit 260W EPA Internal PSU, Color Option Standard Black, Operating System Free DOS, Warranty 03 Years Warranty.', 2.00, 1.00, 'https://admin.jetnd.com/storage/uploads/2021/08/61065b32b56c4_Dell OptiPlex 3080 Core i5 10th Gen Price in Bangladesh.jpg', 'EITP10001', 'yes', 0, NULL, NULL, NULL, 56, '2021-07-31 03:20:02', '2021-08-01 13:28:42', NULL),
(12, 'HP 240 G7 Core i3 10th Gen 4GB DDR4 RAM 1TB HDD Notebook Laptop', 'hp-240-g7-core-i3-10th-gen-4gb-ddr4-ram-1tb-hdd-notebook-laptop', '<p class=\"mt-4 fw-bold brand-font\">Key Features</p>\r\n<table class=\"table table-striped\">\r\n    <tbody>\r\n        <tr>\r\n            <th scope=\"row\"> Model </th>\r\n            <td> HP 240 G7 </td>\r\n        </tr>\r\n        <tr>\r\n            <th scope=\"row\"> Processor </th>\r\n            <td> Intel Core i3-1005G1 Processor 4M Cache, up to 3.40 GHz </td>\r\n        </tr>\r\n        <tr>\r\n            <th scope=\"row\"> Memory </th>\r\n            <td> 4GB DDR4 RAM (Extra Ram Slot Available) </td>\r\n        </tr>\r\n        <tr>\r\n            <th scope=\"row\"> Storage </th>\r\n            <td> 1TB SATA 5400 rpm HDD ( M.2 NVMe ssd slot available ) </td>\r\n        </tr>\r\n		<tr>\r\n            <th scope=\"row\"> Display </th>\r\n            <td> 14″ HD (1366 x 768) SVA eDP anti-glare WLED-backlit, 220 cd/m², 67% sRGB Display </td>\r\n        </tr>\r\n    </tbody>\r\n</table>', '<h2>HP 240 G7 notebook laptop price in Bangladesh</h2>\r\nGet the latest HP 240 G7 notebook laptop price in Bangladesh with Processor Intel Core i3-1005G1 Processor 4M Cache, up to 3.40 GHz, Memory 4GB DDR4 RAM (Extra Ram Slot Available), Storage 1TB SATA 5400 rpm HDD ( M.2 NVMe ssd slot available ), Graphics Intel UHD Graphics 620, Display 14″ HD (1366 x 768) SVA eDP anti-glare WLED-backlit, 220 cd/m², 67% sRGB Display, Adapter HP Smart 65 W External AC power adapter, Battery HP Long Life 3-cell, 41 Wh Li-ion, Operating System Free Dos, Networking LAN: Integrated 10/100/1000 GbE NIC; Wi-Fi: Realtek 802.11ac (2×2) Wi-Fi, Keyboard Full-size island-style keyboard, Bluetooth Bluetooth 4.2, Audio Dual speakers, Optical Drive N/A, WebCam HP TrueVision HD camera, Ports & Connectors 2 x USB 3.1 Gen 1, 1 USB 2.0; 1 x HDMI 1.4b; 1 x headphone/microphone combo, Color Black, Dimensions (W x D x H) 33.5 x 23.4 x 1.99 cm, Weight Starting at 1.52 kg, Warranty 2 years International Limited Warranty (Terms & condition Apply As Per HP).', 2.00, 1.00, 'https://admin.jetnd.com/storage/uploads/2021/07/61043b1d087cd_HP 240 G7 Core i3 10th Gen 4GB DDR4 RAM 1TB HDD Notebook Laptop.jpg', 'EITP10002', 'yes', 0, NULL, NULL, NULL, 57, '2021-07-31 03:47:36', '2021-07-31 03:47:36', NULL),
(13, 'HP 15-DW3021NIA Intel Core i5-1135G7 11th Gen 8GB 256GB SSD Laptop', 'hp-15-dw3021nia-core-i5-11th-gen-8gb-256gb-ssd-laptop', '<p class=\"mt-4 fw-bold brand-font\">Key Features</p>\r\n<table class=\"table table-striped\">\r\n    <tbody>\r\n        <tr>\r\n            <th scope=\"row\"> Model </th>\r\n            <td> HP 15-dw3021nia </td>\r\n        </tr>\r\n        <tr>\r\n            <th scope=\"row\"> Microprocessor </th>\r\n            <td> Intel® Core™ i5-1135G7 (up to 4.2 GHz with Intel® Turbo Boost Technology, 8 MB L3 cache, 4 cores) </td>\r\n        </tr>\r\n        <tr>\r\n            <th scope=\"row\"> Memory </th>\r\n            <td> 8 GB RAM </td>\r\n        </tr>\r\n        <tr>\r\n            <th scope=\"row\"> Storage </th>\r\n            <td> 256 GB PCIe® NVMe™ M.2 SSD </td>\r\n        </tr>\r\n  <tr>\r\n            <th scope=\"row\"> Display </th>\r\n            <td> 39.6 cm (15.6″) diagonal, HD (1366 x 768), micro-edge, anti-glare, 250 nits, 45% NTSC </td>\r\n        </tr>\r\n    </tbody>\r\n</table>', '<h2>HP 15-DW3021NIA price in Bangladesh</h2>\r\nLatest HP 15-dw3021nia price in Bangladesh offered with Intel® Core™ i5-1135G7 (up to 4.2 GHz with Intel® Turbo Boost Technology, 8 MB L3 cache, 4 cores Microprocessor, Intel® Integrated SoC Chipset, 8 GB RAM, 256 GB PCIe® NVMe™ M.2 SSD, NVDIAI MX350-2GB graphics card, Optical drive not included, 39.6 cm (15.6″) diagonal, HD (1366 x 768), micro-edge, anti-glare display, 250 nits, 45% NTSC, Full-size, jet black keyboard with numeric keypad, Realtek RTL8821CE-M 802.11a/b/g/n/ac (1×1) Wi-Fi® and Bluetooth® 4.2 combo, Integrated 10/100/1000 GbE LAN, 1 multi-format SD media card reader, 1 SuperSpeed USB Type-C® 5Gbps signaling rate; 2 SuperSpeed USB Type-A 5Gbps signaling rate; 1 HDMI 1.4b; 1, RJ-45; 1 AC smart pin; 1 headphone/microphone combo, 35.85 x 24.2 x 1.99 cm dimension, 1.75 kg weight, HP 15-dw3021nia at the best price with great power supply of 65 W Smart AC power adapter, 3-cell, 41 Wh Li-ion battery with up to 6 hours and 30 minutes battery backup and up to 9 hours gradually battery life mixed usage and video Playback battery life, HP True Vision 720p HD webcam camera with integrated dual array digital microphones, dual speakers and FreeDOS.\r\nBuy HP 15-dw3021nia with 2 years warranty (battery and adapter 1 year).', 79000.00, 77000.00, 'https://admin.jetnd.com/storage/uploads/2021/07/6104f074e058a_buy HP Laptop 15-dw3021nia Intel Core i5-1135G7 8GB 256GB SSD.jpg', 'EITP10006', 'yes', 0, NULL, NULL, NULL, 57, '2021-07-31 16:41:10', '2021-07-31 16:41:10', NULL),
(14, 'HP 15-DW3021NIA Intel Core i5-1135G7 11th Gen 4GB 256GB SSD Laptop', 'hp-15-dw3021nia-core-i5-11th-gen-4gb-256gb-ssd-laptop', '<p class=\"mt-4 fw-bold brand-font\">Key Features</p>\r\n<table class=\"table table-striped\">\r\n    <tbody>\r\n        <tr>\r\n            <th scope=\"row\"> Model </th>\r\n            <td> HP 15-DW3021NIA </td>\r\n        </tr>\r\n        <tr>\r\n            <th scope=\"row\"> Microprocessor </th>\r\n            <td> Intel® Core™ i5-1135G7 (up to 4.2 GHz with Intel® Turbo Boost Technology, 8 MB L3 cache, 4 cores) </td>\r\n        </tr>\r\n        <tr>\r\n            <th scope=\"row\"> Memory </th>\r\n            <td> 4 GB DDR4-2666 SDRAM (1 x 4 GB) </td>\r\n        </tr>\r\n        <tr>\r\n            <th scope=\"row\"> Storage </th>\r\n            <td> 256 GB PCIe® NVMe™ M.2 SSD </td>\r\n        </tr>\r\n  <tr>\r\n            <th scope=\"row\"> Display </th>\r\n            <td> 39.6 cm (15.6″) diagonal, HD (1366 x 768), micro-edge, anti-glare, 250 nits, 45% NTSC </td>\r\n        </tr>\r\n    </tbody>\r\n</table>', '<h2>HP 15-DW3021NIA laptop price in Bangladesh</h2>\r\nLatest HP 15-DW3021NIA laptop price in Bangladesh with Intel® Core™ i5-1135G7, up to 4.2 GHz + Intel® Turbo Boost Technology, 8 MB L3 cache, 4 cores microprocessor, Intel® Integrated SoC chipset, 4 GB DDR4-2666 SDRAM (1 x 4 GB) memory, standard, 256 GB PCIe® NVMe™ M.2 SSD hard drive.\r\nBuy HP 15-dw3021nia laptop at the best price in Bangladesh with NVDIAI MX350-2GB graphics, Optical drive not included, 39.6 cm (15.6″) diagonal, HD (1366 x 768), micro-edge, anti-glare, 250 nits, 45% NTSC display, Full-size, jet black keyboard with numeric keypad, Realtek RTL8821CE-M 802.11a/b/g/n/ac (1×1) Wi-Fi® and Bluetooth® 4.2 combo wireless connectivity, Integrated 10/100/1000 GbE LAN network interface, 1 multi-format SD media card reader expansion slots, 1 SuperSpeed USB Type-C® 5Gbps signaling rate; 2 SuperSpeed USB Type-A 5Gbps signaling rate; 1 HDMI 1.4b; 1 RJ-45; 1 AC smart pin; 1 headphone/microphone combo external ports35.85 x 24.2 x 1.99 cm minimum dimensions (w x d x h), 1.75 kg weight, 65 W Smart AC power adapter power supply type,, 3-cell, 41 Wh Li-ion battery type,, Up to 6 hours and 30 minutes battery life mixed usage, Up to 9 hours video playback battery life, HP True Vision 720p HD webcam camera with integrated dual array digital microphones, with a dual speakers audio features, FreeDOS operating system with 2 years warranty (Battery, Adapter 1 year).', 76000.00, 74000.00, 'https://admin.jetnd.com/storage/uploads/2021/07/61051948ada5a_buy HP Laptop 15-dw3021nia.jpg', 'EITP10007', 'yes', 0, NULL, NULL, NULL, 56, '2021-07-31 19:35:12', '2021-07-31 19:35:12', NULL),
(15, 'HP 15-DW3022NIA Intel Core i5-1135G7 11th Gen 512GB SSD Notebook Laptop', 'hp-15-dw3022nia-core-i5-11th-gen-512gb-ssd-notebook-laptop', '<p class=\"mt-4 fw-bold brand-font\">Key Features</p>\r\n<table class=\"table table-striped\">\r\n    <tbody>\r\n        <tr>\r\n            <th scope=\"row\"> Model </th>\r\n            <td> HP 15-DW3022NIA </td>\r\n        </tr>\r\n        <tr>\r\n            <th scope=\"row\"> Processor </th>\r\n            <td> Intel® Core™ i5-1135G7 (up to 4.2 GHz, 8 MB L3 cache, 4 cores) + Intel® Iri </td>\r\n        </tr>\r\n        <tr>\r\n            <th scope=\"row\"> Memory </th>\r\n            <td> 8 GB DDR4-2666 SDRAM (1 x 8 GB) </td>\r\n        </tr>\r\n        <tr>\r\n            <th scope=\"row\"> Storage </th>\r\n            <td> 512 GB PCIe® NVMe™ M.2 SSD </td>\r\n        </tr>\r\n  <tr>\r\n            <th scope=\"row\"> Display </th>\r\n            <td> 39.6 cm (15.6″) diagonal, HD (1366 x 768), micro-edge, anti-glare, 250 nits, 45% NTSC </td>\r\n        </tr>\r\n    </tbody>\r\n</table>', '<h2>HP 15-DW3022NIA laptop price in Bangladesh</h2>\r\nLatest HP 15-DW3022NIA laptop price in Bangladesh with Intel® Core™ i5-1135G7 processor (up to 4.2 GHz, 8 MB L3 cache, 4 cores) + Intel® Iri, updated processor system, RAM 8 GB DDR4-2666 SDRAM (1 x 8 GB) and 512 GB PCIe® NVMe™ M.2 SSD hard drive to run your device smoothly, 39.6 cm, 15.6″ display diagonal, HD (1366 x 768), micro-edge, anti-glare, 250 nits, 45% NTSC, operating system desktop ooperating system, Realtek RTL8821CE 802.11b/g/n/ac (1×1) Wi-Fi® wireless lan – wifi, Bluetooth® 4.2, 1 multi-format SD media card reader, HP TrueVision HD webcam Camera with integrated dual array digital microphone, graphic card Intel Iris Xe Graphics with shared graphics memory, HD audio with stereo speakers sound system, dimensions 35.85 x 24.2 x 1.79 cm, 1.7 kg weight, 1 HDMI 1.4b; 1 headphone/microphone combo; 1 USB 3.1 Type-C™ Gen 1 (Data Transfer up to 5 Gb/s); 2 USB 3.1 Gen 1 (Data transfer only); 1 AC smart pin external ports.\r\nBuy HP 15-DW3022NIA laptop with 2 years warranty (Battery, Adapter 1 year).', 75000.00, 72000.00, 'https://admin.jetnd.com/storage/uploads/2021/07/61051b3341589_HP 15-DW3022NIA Core i5 Price in BD 11th Gen Laptop 512GB SSD.jpg', 'EITP10008', 'yes', 0, NULL, NULL, NULL, 56, '2021-07-31 19:43:31', '2021-07-31 19:43:31', NULL),
(16, 'HP 15-DW3022NIA Core i5-1135G7 11th Gen 8GB 256GB SSD Notebook Laptop', 'hp-15-dw3022nia-core-i5-11th-gen-8gb-256gb-ssd-notebook-laptop', '<p class=\"mt-4 fw-bold brand-font\">Key Features</p>\r\n<table class=\"table table-striped\">\r\n    <tbody>\r\n        <tr>\r\n            <th scope=\"row\"> Model </th>\r\n            <td> HP 15-Dw3022nia </td>\r\n        </tr>\r\n        <tr>\r\n            <th scope=\"row\"> Processor </th>\r\n            <td> Intel® Core™ i5-1135G7 (up to 4.2 GHz, 8 MB L3 cache, 4 cores) + Intel® Iri </td>\r\n        </tr>\r\n        <tr>\r\n            <th scope=\"row\"> Memory </th>\r\n            <td> 8 GB DDR4-2666 SDRAM (1 x 8 GB) </td>\r\n        </tr>\r\n        <tr>\r\n            <th scope=\"row\"> Storage </th>\r\n            <td> 256 GB PCIe® NVMe™ M.2 SSD </td>\r\n        </tr>\r\n  <tr>\r\n            <th scope=\"row\"> Display </th>\r\n            <td> 39.6 cm (15.6″) diagonal, HD (1366 x 768), micro-edge, anti-glare, 250 nits, 45% NTSC </td>\r\n        </tr>\r\n    </tbody>\r\n</table>', '<h2>HP 15-Dw3022nia laptop price in Bangladesh</h2>\r\nLatest HP 15-Dw3022nia laptop price in Bangladesh with Intel® Core™ i5-1135G7 11th Gen processor, up to 4.2 GHz clock-speed, 8 MB L3 cache, 4 cores + Intel® Iri, RAM 8 GB DDR4-2666 SDRAM (1 x 8 GB) and 256 GB PCIe® NVMe™ M.2 SSD storage, (39.6 cm) 15.6″ display diagonal, HD (1366 x 768), micro-edge, anti-glare, 250 nits, 45% NTSC, desktop operating system. Customized with Realtek RTL8821CE 802.11b/g/n/ac (1×1) Wi-Fi® and Bluetooth® 4.2. 1 multi-format SD media card reader, HP TrueVision HD webcam Camera with integrated dual array digital microphone, Intel Iris Xe Graphics with shared graphics memory, sound system of HD audio with stereo speakers, 35.85 x 24.2 x 1.79 cm thin dimensions laptop, 1.7 kg weight, 1 HDMI 1.4b; 1 headphone/microphone combo; 1 USB 3.1 Type-C™ Gen 1 (Data Transfer up to 5 Gb/s); 2 USB 3.1 Gen 1 (Data transfer only); 1 AC smart pin external ports.\r\nBuy HP 15-Dw3022nia notebook laptop in Bangladesh with 2 years warranty (Battery, Adapter 1 year).', 69000.00, 67000.00, 'https://admin.jetnd.com/storage/uploads/2021/07/61051f0148d94_HP 15-Dw3022nia notebook laptop.jpg', 'EITP10009', 'yes', 0, NULL, NULL, NULL, 56, '2021-07-31 20:00:02', '2021-07-31 20:00:02', NULL),
(97, 'DELL Inspiron 14-5468 Core i5-7200u 7th Gen 4GB 1TB HDD Laptop', 'dell-inspiron-14-5468-core-i5-7200u-7th-gen-4gb-1tb-hdd-laptop', '<p>Key Features</p><figure class=\"table\"><table><tbody><tr><th>Model</th><td>DELL Inspiron 14-5468</td></tr><tr><th>Processor</th><td>Intel Core i5-7200U 7th Gen 2.50GHz 3MB cache</td></tr><tr><th>Memory</th><td>4GB DDR4 RAM</td></tr><tr><th>Storage</th><td>1TB HDD</td></tr><tr><th>Display</th><td>14″ 1360×768 (WxH) HD LED&nbsp;Display with No Touch</td></tr></tbody></table></figure>', '<h3>DELL Inspiron 14-5468 laptop price in Bangladesh</h3><p>Get the latest DELL Inspiron 14-5468 laptop price in Bangladesh with Processor Intel Core i5 7200U Clock Speed 2.50GHz Cache 3MB, Display Type HD LED, Display Size 14″, Display Resolution 1360×768 (WxH) HD, Touch No, RAM type DDR4, RAM 4GB, Storage 1TB HDD, Graphics chipset AMD Radeon R5 M440 GDDR3, Graphics memory 2GB, Networking LAN, WiFi, Bluetooth, Card Reader, WebCam, Display port HDMI, Audio port Combo, USB Port 1 x USB3.0, 2 x USB2.0, Battery 4 Cell, Weight 2.01Kg, Color Silver, Operating System Free-Dos</p>', 55100.00, 54000.00, NULL, 'EITP10325', 'yes', NULL, NULL, NULL, NULL, 57, '2021-08-04 18:32:33', '2021-08-04 18:32:33', NULL),
(98, 'DELL Vostro 15-3580 Core i5-8265U 8th Gen 4GB 1TB HDD Laptop', 'dell-vostro-15-3580-core-i5-8265u-8th-gen-4gb-1tb-hdd-laptop', '<p>Key Features</p><figure class=\"table\"><table><tbody><tr><th>Model</th><td>DELL Vostro 15-3580</td></tr><tr><th>Processor</th><td>8th Generation Intel Core i5 8265U 1.60 GHz up to 3.9 GHz 6 MB cache</td></tr><tr><th>Memory</th><td>4GB DDR4 2666MHz</td></tr><tr><th>Storage</th><td>1 TB HDD 5400 RPM</td></tr><tr><th>Display</th><td>15.6″ (1920x 1080) (WxH) FHD Display with No Touch</td></tr></tbody></table></figure>', '<h3>DELL VOSTRO 15-3580 laptop price in Bangladesh</h3><p>Get the latest DELL VOSTRO 15-3580 laptop price in Bangladesh with Processor 8th Generation Intel Core i5 8265U Clock Speed 1.60 GHz up to 3.9 GHz Cache 6 MB, Display 15.6″ FHD Display Resolution (1920x 1080) (WxH) FHD, Touch No, RAM 4 GB DDR4-2666MHz, Storage 1 TB 5400 RPM, Graphics chipset ADM RADEON 520 GR, Graphics memory 2 GB, Optical device DVD RW, Networking Bluetooth, &nbsp;WebCam, Audio port Combo, USB Port 2 x USB3.1 Gen 1 Type-A, 1 x USB2.0, Battery 3 Cell, Weight 1.66 Kg, Color Black, Operating System Free DOS.</p>', 2.00, 1.00, NULL, 'EITP10326', 'yes', NULL, NULL, NULL, NULL, 56, '2021-08-04 18:39:25', '2021-08-04 18:39:25', NULL),
(99, 'Dell Vostro 14-3478 Core i5-8250U 8th Gen 4GB 1TB HDD Laptop- VEG14KBLR19051082W', 'dell-vostro-14-3478-core-i5-8250u-8th-gen-4gb-1tb-hdd-laptop-veg14kblr19051082w', '<p>Key Features</p><figure class=\"table\"><table><tbody><tr><th>Model</th><td>Dell Vostro 14-3478</td></tr><tr><th>Processor</th><td>Intel Core i5-8250U 8th Gen 1.60-3.40GHz 6MB cache</td></tr><tr><th>Memory</th><td>4GB DDR4 2400MHz RAM</td></tr><tr><th>Storage</th><td>1TB HDD</td></tr><tr><th>Display</th><td>14″ 1366×768 (WxH) HD LED Display with No Touch</td></tr></tbody></table></figure>', '<h3>Dell Vostro 14-3478 laptop price in Bangladesh</h3><p>Get the latest Dell Vostro 14-3478 laptop price in Bangladesh with&nbsp;Processor Intel Core i5 8250U&nbsp;Generation 8th&nbsp;Clock Speed 1.60-3.40GHz&nbsp;Cache 6MB,&nbsp;Display Type HD LED&nbsp;Display Size 14″&nbsp;Display Resolution 1366×768 (WxH) HD,&nbsp;Touch No,&nbsp;RAM type DDR4 2400MHz,&nbsp;RAM 4GB,&nbsp;Storage 1TB HDD,&nbsp;Graphics chipset AMD Radeon 520,&nbsp;Graphics memory 2GB,&nbsp;Optical device DVD RW,&nbsp;Networking LAN, WiFi, Bluetooth, Card Reader, WebCam,&nbsp;Display port HDMI, VGA,&nbsp;Audio port Combo,&nbsp;USB Port 2 x USB3.1 Gen 1 Type-A, 1 x USB2.0,&nbsp;Battery 4 Cell Li-Cylindrical,&nbsp;Weight 1.76Kg,&nbsp;Color Black,&nbsp;Operating System Free-Dos,&nbsp;Others Finger Print: Yes.</p>', 55800.00, 55600.00, NULL, 'EITP10327', 'yes', NULL, NULL, NULL, NULL, 56, '2021-08-04 18:47:49', '2021-08-04 18:47:49', NULL),
(100, 'Dell Vostro 15 3580 Core i5-8265U 8th Gen 4GB 1TB HDD Laptop- LOKIV15WHL20012075', 'dell-vostro-15-3580-core-i5-8265u-8th-gen-4gb-1tb-hdd-laptop-lokiv15whl20012075', '<p>Key Features</p><figure class=\"table\"><table><tbody><tr><th>Model</th><td>Dell Vostro 15 3580</td></tr><tr><th>Processor</th><td>Intel Core i5-8265U 8th Gen 1.60-3.90GHz 6MB cache</td></tr><tr><th>Memory</th><td>4GB DDR4 RAM</td></tr><tr><th>Storage</th><td>1TB HDD</td></tr><tr><th>Display</th><td>15.6″ 1366×768 (WxH) HD LED Display with No Touch</td></tr></tbody></table></figure>', '<h3>Dell Vostro 15 3580 laptop price in Bangladesh</h3><p>Get the latest Dell Vostro 15 3580 laptop price in Bangladesh with Processor Intel Core i5 8265U Generation 8th Clock Speed 1.60-3.90GHz Cache 6MB, Display Type HD LED, Display Size 15.6″, Display Resolution 1366×768 (WxH) HD, Touch No, RAM type DDR4, RAM 4GB, Storage 1TB HDD, Graphics chipset Intel UHD Graphics 620, Graphics memory Shared, Optical device DVD RW, Networking LAN, WiFi, Bluetooth, Card Reader, WebCam, Display port HDMI, VGA, Audio port Combo, USB Port 2 x USB3.1 Gen 1 Type-A, 1 x USB2.0, Battery 3 Cell, Weight 2.20Kg, Color Black, Operating System Free-Dos, Others Display: Anti-Glare LED-Backlit Non-touch Display, HDD Type: 5400 rpm 2.5″ SATA Hard Drive, Ports: 1 x Micro SD Card Reader, 1 x Wedge Shaped Lock Slot, 1 x Power Jack, Audio and Speakers: 2 tuned speakers with Waves MaxxAudio Pro, Camera: Integrated wide.</p>', 57300.00, 52900.00, NULL, 'EITP10328', 'yes', NULL, NULL, NULL, NULL, 56, '2021-08-04 18:58:50', '2021-08-04 18:58:50', NULL),
(101, 'DELL VOSTRO 15-3580 Intel Core i58265U 8th Gen 4GB 1TB HDD Laptop- LOKIV15WHL20012065', 'dell-vostro-15-3580-intel-core-i58265u-8th-gen-4gb-1tb-hdd-laptop-lokiv15whl20012065', '<p>Key Features</p><figure class=\"table\"><table><tbody><tr><th>Model</th><td>DELL VOSTRO 15-3580</td></tr><tr><th>Processor</th><td>8th Generation Intel Core &nbsp;i5-8265U 1.60 GHz up to 3.9 GHz 6 MB Cache</td></tr><tr><th>Memory</th><td>4 GB DDR4 2666MHz</td></tr><tr><th>Storage</th><td>1 TB HDD 5400 RPM</td></tr><tr><th>Display</th><td>15.6″ (1920x 1080) (WxH) FHD Display with No Touch</td></tr></tbody></table></figure>', '<h3>DELL Vostro 15-3580 laptop price in Bangladesh</h3><p>Get the latest DELL Vostro 15-3580 laptop price in Bangladesh with Processor 8th Generation Intel Core i5 8265U Clock Speed 1.60 GHz up to 3.9 GHz Cache 6 MB, Display 15.6″ FHD Display Resolution (1920x 1080) (WxH) FHD, Touch No, RAM 4 GB DDR4 2666MHz, Storage 1 TB 5400 RPM, Graphics chipset Intel UHD Graphics 620, Graphics memory Shared, Optical device DVD RW, Networking Bluetooth, &nbsp;WebCam, Audio port Combo, USB Port 2 x USB3.1 Gen 1 Type-A, 1 x USB2.0, Battery 3 Cell, Weight 1.66 Kg, Color Black, Operating System Free DOS.</p>', 61800.00, 57300.00, NULL, 'EITP10329', 'yes', NULL, NULL, NULL, NULL, 57, '2021-08-04 19:59:01', '2021-08-04 19:59:01', NULL),
(102, 'Dell Vostro 15 3580 Core i5-8265U 8th Gen 8GB 1TB HDD Laptop- LOKIV15WHL20012060', 'dell-vostro-15-3580-core-i5-8265u-8th-gen-8gb-1tb-hdd-laptop-lokiv15whl20012060', '<p>Key Features</p><figure class=\"table\"><table><tbody><tr><th>Model</th><td>Dell Vostro 15 3580</td></tr><tr><th>Processor</th><td>Intel Core i5-8265U 8th Gen 1.60-3.90GHz 6MB cache</td></tr><tr><th>Memory</th><td>8GB DDR4 RAM</td></tr><tr><th>Storage</th><td>1TB HDD</td></tr><tr><th>Display</th><td>15.6″ 1920×1080 (WxH) FHD LED Display with No Touch</td></tr></tbody></table></figure>', '<h3>Dell Vostro 15 3580 laptop price in Bangladesh</h3><p>Get the latest Dell Vostro 15 3580 laptop price in Bangladesh with Processor Intel Core i5 8265U Generation 8th Clock Speed 1.60-3.90GHz Cache 6MB, Display Type FHD LED Display Size 15.6″ Display Resolution 1920×1080 (WxH) FHD, Touch No, RAM type DDR4 RAM 8GB, Storage 1TB HDD, Graphics chipset Intel UHD Graphics 620 Graphics memory Shared, Optical device DVD RW, Networking LAN, WiFi, Bluetooth, Card Reader, WebCam, Display port HDMI, VGA, Audio port Combo, USB Port 2 x USB3.1 Gen 1 Type-A, 1 x USB2.0, Battery 3 Cell, Weight 2.20Kg, Color Black, Operating System Free-Dos, Others Display: Anti-Glare LED-Backlit Non-touch Display, HDD Type: 5400 rpm 2.5″ SATA Hard Drive, Ports: 1 x Micro SD Card Reader, 1 x Wedge Shaped Lock Slot, 1 x Power Jack, Audio and Speakers: 2 tuned speakers with Waves MaxxAudio Pro, Camera: Integrated wide, Specialty 1 x M.2 PCIe Blank SSD Slot,Max RAM Support 32GB,RAM Expansion Slot 1.</p>', 57300.00, 52900.00, NULL, 'EITP10330', 'yes', NULL, NULL, NULL, NULL, 57, '2021-08-04 20:07:54', '2021-08-04 20:07:54', NULL);

-- --------------------------------------------------------

--
-- Dumping data for table `product_categories`
--

INSERT INTO `product_categories` (`id`, `product_id`, `category_id`, `created_at`, `updated_at`) VALUES
(10, 11, 3, NULL, NULL),
(11, 12, 3, NULL, NULL),
(12, 13, 3, NULL, NULL),
(13, 14, 24, NULL, NULL),
(14, 15, 24, NULL, NULL),
(15, 16, 25, NULL, NULL),
(96, 97, 5, NULL, NULL),
(97, 98, 5, NULL, NULL),
(98, 99, 25, NULL, NULL),
(99, 100, 5, NULL, NULL),
(100, 101, 5, NULL, NULL),
(101, 102, 24, NULL, NULL);

-- --------------------------------------------------------

--
-- Dumping data for table `imageables`
--

-- INSERT INTO `imageables` (`image_id`, `imageable_type`, `imageable_id`, `created_at`, `updated_at`) VALUES
-- (1, 'App\\Models\\Product', 1, NULL, NULL),
-- (149, 'App\\Models\\Product', 71, NULL, NULL);

-- --------------------------------------------------------

--
-- Dumping data for table `specifications`
--

INSERT INTO `specifications` (`id`, `name`, `type`, `head_id`, `created_at`, `updated_at`) VALUES
(9, 'Basic Information', 'head', NULL, '2021-07-30 20:05:04', '2021-07-30 20:05:04'),
(10, 'Input Devices', 'head', NULL, '2021-07-30 20:05:23', '2021-07-30 20:05:23'),
(11, 'Physical Detail', 'head', NULL, '2021-07-30 20:05:44', '2021-07-30 20:05:44'),
(12, 'Warranty Information', 'head', NULL, '2021-07-30 20:05:58', '2021-07-30 20:05:58'),
(13, 'Processor', 'key', 9, '2021-07-30 20:08:33', '2021-07-30 20:08:33'),
(14, 'Chipset', 'key', 9, '2021-07-30 20:09:00', '2021-07-30 20:09:00'),
(15, 'RAM', 'key', 9, '2021-07-30 20:09:19', '2021-07-30 20:09:19'),
(16, 'Storage', 'key', 9, '2021-07-30 20:09:41', '2021-07-30 20:09:41'),
(17, 'Graphics Card', 'key', 9, '2021-07-30 20:10:05', '2021-07-30 20:10:05'),
(18, 'Others', 'head', NULL, '2021-07-30 20:11:39', '2021-07-30 20:11:39'),
(19, 'Country of Origin', 'key', 18, '2021-07-30 20:12:00', '2021-07-30 20:12:00'),
(20, 'Assembled Country', 'key', 18, '2021-07-30 20:12:12', '2021-07-30 20:12:12'),
(21, 'Network & Wireless Connectivity', 'head', NULL, '2021-07-30 20:13:45', '2021-07-30 20:13:45'),
(22, 'Ports, Connectors & Slots', 'head', NULL, '2021-07-30 20:14:00', '2021-07-30 20:14:00'),
(23, 'Operating System', 'key', 9, '2021-07-30 20:15:04', '2021-07-30 20:15:04'),
(24, 'Battery', 'key', 9, '2021-07-30 20:15:15', '2021-07-30 20:15:15'),
(25, 'Adapter', 'key', 9, '2021-07-30 20:15:33', '2021-07-30 20:15:33'),
(26, 'Display', 'key', 9, '2021-07-30 20:17:00', '2021-07-30 20:17:00'),
(27, 'Monitor', 'key', 9, '2021-07-30 20:17:08', '2021-07-30 20:17:08'),
(28, 'Audio', 'key', 9, '2021-07-30 20:17:30', '2021-07-30 20:17:30'),
(29, 'Special Feature', 'key', 9, '2021-07-30 20:17:43', '2021-07-30 20:17:43'),
(30, 'Power Supply', 'key', 9, '2021-07-30 20:19:01', '2021-07-30 20:19:01'),
(31, 'Security', 'key', 9, '2021-07-30 20:19:19', '2021-07-30 20:19:19'),
(32, 'Color Option', 'key', 11, '2021-07-30 20:19:42', '2021-07-30 20:26:05'),
(33, 'Keyboard', 'key', 10, '2021-07-30 20:24:12', '2021-07-30 20:24:12'),
(34, 'Mouse', 'key', 10, '2021-07-30 20:24:22', '2021-07-30 20:24:22'),
(35, 'Optical Drive', 'key', 10, '2021-07-30 20:24:31', '2021-07-30 20:24:31'),
(36, 'WebCam', 'key', 10, '2021-07-30 20:24:45', '2021-07-30 20:24:45'),
(37, 'Card Reader', 'key', 10, '2021-07-30 20:25:01', '2021-07-30 20:25:01'),
(38, 'USB(s)', 'key', 22, '2021-07-30 20:26:53', '2021-07-30 20:26:53'),
(39, 'HDMI', 'key', 22, '2021-07-30 20:30:15', '2021-07-30 20:30:15'),
(40, 'Audio Jack Combo', 'key', 22, '2021-07-30 20:30:48', '2021-07-30 20:30:48'),
(41, 'Slots', 'key', 22, '2021-07-30 20:31:22', '2021-07-30 20:31:22'),
(42, 'Supported SSD Type', 'key', 22, '2021-07-30 20:31:46', '2021-07-30 20:31:46'),
(43, 'Wi-Fi', 'key', 21, '2021-07-30 20:32:04', '2021-07-30 20:32:04'),
(44, 'Bluetooth', 'key', 21, '2021-07-30 20:32:15', '2021-07-30 20:32:15'),
(45, 'External I/O Ports', 'key', 22, '2021-07-30 20:33:25', '2021-07-30 20:33:25'),
(46, 'Dimensions (W x D x H)', 'key', 11, '2021-07-30 20:33:43', '2021-07-30 20:33:43'),
(47, 'Weight', 'key', 11, '2021-07-30 20:33:54', '2021-07-30 20:33:54'),
(48, 'Manufacturing Warranty', 'key', 12, '2021-07-30 20:34:14', '2021-07-30 20:34:14'),
(49, 'Printing Features', 'head', NULL, '2021-07-31 14:04:34', '2021-07-31 14:04:34'),
(50, 'Functions', 'key', 49, '2021-07-31 14:05:08', '2021-07-31 14:05:08'),
(51, 'Technology', 'key', 49, '2021-07-31 14:05:28', '2021-07-31 14:05:28'),
(52, 'Print Speed', 'key', 49, '2021-07-31 14:27:13', '2021-07-31 14:27:13'),
(53, 'Processor Speed', 'key', 49, '2021-07-31 14:28:20', '2021-08-01 09:39:46'),
(55, 'Resolution', 'key', 49, '2021-07-31 14:29:05', '2021-07-31 14:29:05'),
(56, 'First Page Out Time', 'key', 49, '2021-07-31 14:29:26', '2021-07-31 14:29:26'),
(57, 'LAN', 'key', 21, '2021-07-31 15:07:56', '2021-07-31 15:07:56'),
(58, 'Duplex Print', 'key', 49, '2021-07-31 15:16:47', '2021-07-31 15:16:47'),
(59, 'Duty Cycle', 'key', 49, '2021-07-31 15:17:12', '2021-07-31 15:17:12'),
(61, 'Paper Handling', 'head', NULL, '2021-07-31 15:23:20', '2021-07-31 15:23:20'),
(62, 'Supported Printing Media', 'head', NULL, '2021-07-31 15:23:26', '2021-07-31 15:23:26'),
(63, 'Feeding Capacity', 'key', 49, '2021-07-31 15:23:53', '2021-07-31 15:23:53'),
(64, 'Media Type', 'key', 62, '2021-07-31 15:24:10', '2021-07-31 15:24:10'),
(65, 'Media Size', 'key', 62, '2021-07-31 15:24:21', '2021-07-31 15:24:21'),
(66, 'Media Weight', 'key', 62, '2021-07-31 15:24:35', '2021-07-31 15:24:35'),
(67, 'Paper Output Capacity', 'key', 61, '2021-07-31 15:26:01', '2021-07-31 15:26:01'),
(68, 'Interface', 'key', 49, '2021-07-31 15:26:33', '2021-07-31 15:26:33'),
(69, 'Mobile Printing Capability', 'key', 49, '2021-07-31 15:28:33', '2021-07-31 15:28:33'),
(70, 'Network', 'key', 21, '2021-07-31 15:29:24', '2021-07-31 15:29:24'),
(71, 'Wireless Capability', 'key', 21, '2021-07-31 15:29:42', '2021-07-31 15:29:42'),
(72, 'Control Panel', 'key', 11, '2021-07-31 15:30:11', '2021-07-31 15:30:11'),
(73, 'Voltage', 'key', 11, '2021-07-31 15:30:30', '2021-07-31 15:30:30'),
(74, 'Power Consumption', 'key', 11, '2021-07-31 15:30:42', '2021-07-31 15:30:42'),
(75, 'Cartridges and Printheads', 'head', NULL, '2021-07-31 15:32:15', '2021-07-31 15:32:15'),
(76, 'Cartridges Number', 'key', 75, '2021-07-31 15:32:33', '2021-07-31 15:32:33'),
(77, 'Environment', 'key', 49, '2021-07-31 15:33:19', '2021-07-31 15:33:19'),
(78, 'Sizes', 'key', 61, '2021-07-31 15:37:01', '2021-07-31 15:37:01'),
(79, 'Paper Input Capacity', 'key', 61, '2021-07-31 15:37:38', '2021-07-31 15:37:38'),
(80, 'Number of Paper Tray(s)', 'key', 61, '2021-07-31 15:37:58', '2021-07-31 15:37:58'),
(81, 'Monthly Print Volume', 'key', 61, '2021-07-31 15:42:47', '2021-07-31 15:42:47'),
(82, 'Warm-Up Time', 'key', 49, '2021-07-31 15:44:39', '2021-07-31 15:44:39'),
(83, 'Software/Apps', 'key', 9, '2021-07-31 20:22:21', '2021-07-31 20:22:21'),
(84, 'VGA', 'key', 22, '2021-08-01 00:05:06', '2021-08-01 00:05:06'),
(85, 'Backlit', 'key', 10, '2021-08-01 02:18:28', '2021-08-01 22:27:55'),
(86, 'Chassis', 'key', 9, '2021-08-01 02:19:00', '2021-08-01 02:19:00'),
(87, 'NIC', 'key', 9, '2021-08-01 02:19:15', '2021-08-01 02:19:15'),
(88, 'Wireless NIC', 'key', 9, '2021-08-01 02:19:34', '2021-08-01 02:19:34'),
(89, 'DVD+/-RW', 'key', 9, '2021-08-01 02:20:05', '2021-08-01 02:20:05'),
(90, 'Printheads', 'key', 75, '2021-08-01 09:34:30', '2021-08-01 09:34:30'),
(91, 'Motherboard', 'key', 9, '2021-08-02 12:09:36', '2021-08-02 12:09:36'),
(92, 'Part No.', 'key', 18, '2021-08-02 12:18:50', '2021-08-02 12:18:50'),
(93, 'Pointing device', 'key', 10, '2021-08-02 15:32:59', '2021-08-02 15:32:59'),
(94, 'Product Number', 'key', 18, '2021-08-02 15:51:00', '2021-08-02 15:51:00');

-- --------------------------------------------------------

--
-- Dumping data for table `product_specification`
--

INSERT INTO `product_specification` (`id`, `value`, `product_id`, `specification_id`, `created_at`, `updated_at`) VALUES
(52, 'Intel Core i3-1005G1 Processor 4M Cache, up to 3.40 GHz', 12, 13, NULL, NULL),
(53, '4GB DDR4 RAM (Extra Ram Slot Available)', 12, 15, NULL, NULL),
(54, '1TB SATA 5400 rpm HDD ( M.2 NVMe ssd slot available )', 12, 16, NULL, NULL),
(55, 'Intel UHD Graphics 620', 12, 17, NULL, NULL),
(56, '14″ HD (1366 x 768) SVA eDP anti-glare WLED-backlit, 220 cd/m², 67% sRGB Display', 12, 26, NULL, NULL),
(57, 'HP Smart 65 W External AC power adapter', 12, 25, NULL, NULL),
(58, 'HP Long Life 3-cell, 41 Wh Li-ion', 12, 24, NULL, NULL),
(59, 'Free Dos', 12, 23, NULL, NULL),
(60, 'LAN: Integrated 10/100/1000 GbE NIC<br>Wi-Fi: Realtek 802.11ac (2×2) Wi-Fi', 12, 43, NULL, NULL),
(61, 'Full-size island-style keyboard', 12, 33, NULL, NULL),
(62, 'Bluetooth 4.2', 12, 44, NULL, NULL),
(63, 'Dual speakers', 12, 28, NULL, NULL),
(64, 'N/A', 12, 35, NULL, NULL),
(65, 'HP TrueVision HD camera', 12, 36, NULL, NULL),
(66, '2 x USB 3.1 Gen 1<br>1 USB 2.0<br>1 x HDMI 1.4b<br>1 x headphone/microphone combo', 12, 45, NULL, NULL),
(67, 'Black', 12, 32, NULL, NULL),
(68, '33.5 x 23.4 x 1.99 cm', 12, 46, NULL, NULL),
(69, 'Starting at 1.52 kg', 12, 47, NULL, NULL),
(70, '2 years International Limited Warranty (Terms & condition Apply As Per HP)', 12, 48, NULL, NULL),
(71, 'Intel® Core™ i5-1135G7 (up to 4.2 GHz with Intel® Turbo Boost Technology, 8 MB L3 cache, 4 cores)', 13, 13, NULL, NULL),
(72, 'Intel® Integrated SoC', 13, 14, NULL, NULL),
(73, '8 GB RAM Memory', 13, 15, NULL, NULL),
(74, '256 GB PCIe® NVMe™ M.2 SSD', 13, 16, NULL, NULL),
(75, 'NVDIAI MX350-2GB', 13, 17, NULL, NULL),
(76, 'Optical drive not included', 13, 35, NULL, NULL),
(77, '39.6 cm (15.6″) diagonal, HD (1366 x 768), micro-edge, anti-glare, 250 nits, 45% NTSC', 13, 26, NULL, NULL),
(78, 'Full-size, jet black keyboard with numeric keypad', 13, 33, NULL, NULL),
(79, 'Realtek RTL8821CE-M 802.11a/b/g/n/ac (1×1) Wi-Fi®', 13, 43, NULL, NULL),
(80, 'Bluetooth® 4.2', 13, 44, NULL, NULL),
(81, 'Integrated 10/100/1000 GbE LAN', 13, 57, NULL, NULL),
(82, '1 multi-format SD media card reader', 13, 41, NULL, NULL),
(83, '1 SuperSpeed USB Type-C® 5Gbps signaling rate<br>2 SuperSpeed USB Type-A 5Gbps signaling rate<br>1 HDMI 1.4b<br>1 RJ-45<br>1 AC smart pin<br>1 headphone/microphone combo', 13, 45, NULL, NULL),
(84, '35.85 x 24.2 x 1.99 cm', 13, 46, NULL, NULL),
(85, '1.75 kg', 13, 47, NULL, NULL),
(86, '65 W Smart AC power adapter', 13, 30, NULL, NULL),
(87, 'Type: 3-cell, 41 Wh Li-ion<br>Battery life mixed usage: Up to 6 hours and 30 minutes<br>Video Playback Battery life: Up to 9 hours', 13, 24, NULL, NULL),
(88, 'HP True Vision 720p HD camera with integrated dual array digital microphones', 13, 36, NULL, NULL),
(89, 'Dual speakers', 13, 28, NULL, NULL),
(90, 'FreeDOS', 13, 23, NULL, NULL),
(91, '2 year (Battery, Adapter 1 year)', 13, 48, NULL, NULL),
(92, 'Intel® Core™ i5-1135G7 (up to 4.2 GHz with Intel® Turbo Boost Technology, 8 MB L3 cache, 4 cores)', 14, 13, NULL, NULL),
(93, 'Intel® Integrated SoC', 14, 14, NULL, NULL),
(94, '4 GB DDR4-2666 SDRAM (1 x 4 GB)', 14, 15, NULL, NULL),
(95, '256 GB PCIe® NVMe™ M.2 SSD', 14, 16, NULL, NULL),
(96, 'NVDIAI MX350-2GB', 14, 17, NULL, NULL),
(97, 'Optical drive not included', 14, 35, NULL, NULL),
(98, '39.6 cm (15.6″) diagonal, HD (1366 x 768), micro-edge, anti-glare, 250 nits, 45% NTSC', 14, 26, NULL, NULL),
(99, 'Full-size, jet black keyboard with numeric keypad', 14, 33, NULL, NULL),
(100, 'Realtek RTL8821CE-M 802.11a/b/g/n/ac (1×1) Wi-Fi®', 14, 43, NULL, NULL),
(101, 'Bluetooth® 4.2 combo', 14, 44, NULL, NULL),
(102, 'Integrated 10/100/1000 GbE LAN', 14, 57, NULL, NULL),
(103, '1 multi-format SD media card reader', 14, 41, NULL, NULL),
(104, '1 SuperSpeed USB Type-C® 5Gbps signaling rate<br>2 SuperSpeed USB Type-A 5Gbps signaling rate<br>1 HDMI 1.4b<br>1 RJ-45<br>1 AC smart pin<br>1 headphone/microphone combo', 14, 45, NULL, NULL),
(105, '35.85 x 24.2 x 1.99 cm', 14, 46, NULL, NULL),
(106, '1.75 kg', 14, 47, NULL, NULL),
(107, '65 W Smart AC power adapter', 14, 30, NULL, NULL),
(108, 'Type: 3-cell, 41 Wh Li-ion<br>Battery life mixed usage: Up to 6 hours and 30 minutes<br>Video Playback Battery life: Up to 9 hours', 14, 24, NULL, NULL),
(109, 'HP True Vision 720p HD camera with integrated dual array digital microphones', 14, 36, NULL, NULL),
(110, 'Dual speakers', 14, 28, NULL, NULL),
(111, 'FreeDOS', 14, 23, NULL, NULL),
(112, '2 year (Battery, Adapter 1 year)', 14, 48, NULL, NULL),
(113, 'Intel® Core™ i5-1135G7 (up to 4.2 GHz, 8 MB L3 cache, 4 cores) + Intel® Iri', 15, 13, NULL, NULL),
(114, '8 GB DDR4-2666 SDRAM (1 x 8 GB)', 15, 15, NULL, NULL),
(115, '512 GB PCIe® NVMe™ M.2 SSD', 15, 16, NULL, NULL),
(116, '39.6 cm (15.6″) diagonal, HD (1366 x 768), micro-edge, anti-glare, 250 nits, 45% NTSC', 15, 26, NULL, NULL),
(117, 'Dos', 15, 23, NULL, NULL),
(118, 'Realtek RTL8821CE 802.11b/g/n/ac (1×1) Wi-Fi®', 15, 43, NULL, NULL),
(119, 'Bluetooth® 4.2', 15, 44, NULL, NULL),
(120, '1 multi-format SD media card reader', 15, 37, NULL, NULL),
(121, 'HP TrueVision HD Camera with integrated dual array digital microphone', 15, 36, NULL, NULL),
(122, 'Intel Iris Xe Graphics with shared graphics memory', 15, 17, NULL, NULL),
(123, 'HD audio with stereo speakers', 15, 40, NULL, NULL),
(124, '35.85 x 24.2 x 1.79 cm', 15, 46, NULL, NULL),
(125, '1.7 kg', 15, 47, NULL, NULL),
(126, '1 HDMI 1.4b<br>1 headphone/microphone combo<br>1 USB 3.1 Type-C™ Gen 1 (Data Transfer up to 5 Gb/s)<br>2 USB 3.1 Gen 1 (Data transfer only)<br>1 AC smart pin', 15, 45, NULL, NULL),
(127, '2 year (Battery, Adapter 1 year)', 15, 48, NULL, NULL),
(128, 'Intel® Core™ i5-1135G7 (up to 4.2 GHz, 8 MB L3 cache, 4 cores) + Intel® Iri', 16, 13, NULL, NULL),
(129, '8 GB DDR4-2666 SDRAM (1 x 8 GB)', 16, 15, NULL, NULL),
(130, '256 GB PCIe® NVMe™ M.2 SSD', 16, 16, NULL, NULL),
(131, '39.6 cm (15.6″) diagonal, HD (1366 x 768), micro-edge, anti-glare, 250 nits, 45% NTSC', 16, 26, NULL, NULL),
(132, 'Dos', 16, 23, NULL, NULL),
(133, 'Realtek RTL8821CE 802.11b/g/n/ac (1×1) Wi-Fi®', 16, 43, NULL, NULL),
(134, 'Bluetooth® 4.2', 16, 44, NULL, NULL),
(135, '1 multi-format SD media card reader', 16, 37, NULL, NULL),
(136, 'HP TrueVision HD Camera with integrated dual array digital microphone', 16, 36, NULL, NULL),
(137, 'Intel Iris Xe Graphics with shared graphics memory', 16, 17, NULL, NULL),
(138, 'HD audio with stereo speakers', 16, 28, NULL, NULL),
(139, '35.85 x 24.2 x 1.79 cm', 16, 46, NULL, NULL),
(140, '1.7 kg', 16, 47, NULL, NULL),
(141, '1 HDMI 1.4b<br>1 headphone/microphone combo<br>1 USB 3.1 Type-C™ Gen 1 (Data Transfer up to 5 Gb/s)<br>2 USB 3.1 Gen 1 (Data transfer only)<br>1 AC smart pin', 16, 45, NULL, NULL),
(142, '2 year (Battery, Adapter 1 year)', 16, 48, NULL, NULL),
(1952, 'Intel Core i5-7200U 7th Gen 2.50GHz 3MB cache', 97, 13, NULL, NULL),
(1953, '4GB DDR4 RAM', 97, 15, NULL, NULL),
(1954, '1TB HDD', 97, 16, NULL, NULL),
(1955, '14″ 1360×768 (WxH) HD LED Display with No Touch', 97, 26, NULL, NULL),
(1956, 'Graphics AMD Radeon R5 M440 GDDR3 2GB', 97, 17, NULL, NULL),
(1957, 'LAN, WiFi, Bluetooth, Card Reader, WebCam', 97, 70, NULL, NULL),
(1958, 'Yes', 97, 39, NULL, NULL),
(1959, 'Yes', 97, 40, NULL, NULL),
(1960, '1 x USB3.0<br>2 x USB2.0', 97, 38, NULL, NULL),
(1961, '4 Cell', 97, 24, NULL, NULL),
(1962, '2.01Kg', 97, 47, NULL, NULL),
(1963, 'Silver', 97, 32, NULL, NULL),
(1964, 'Free-Dos', 97, 23, NULL, NULL),
(1965, 'TULIP14MLK18052290', 97, 92, NULL, NULL),
(1966, '8th Generation Intel Core i5 8265U 1.60 GHz up to 3.9 GHz 6 MB cache', 98, 13, NULL, NULL),
(1967, '4GB DDR4 2666MHz', 98, 15, NULL, NULL),
(1968, '1 TB HDD 5400 RPM', 98, 16, NULL, NULL),
(1969, '15.6″ (1920x 1080) (WxH) FHD Display with No Touch', 98, 26, NULL, NULL),
(1970, 'ADM RADEON 520 GR 2 GB', 98, 17, NULL, NULL),
(1971, 'DVD RW', 98, 35, NULL, NULL),
(1972, 'Bluetooth,  WebCam', 98, 70, NULL, NULL),
(1973, 'Yes', 98, 40, NULL, NULL),
(1974, '2 x USB3.1 Gen 1 Type-A<br>1 x USB2.0', 98, 38, NULL, NULL),
(1975, '3 Cell', 98, 24, NULL, NULL),
(1976, '1.66 Kg', 98, 47, NULL, NULL),
(1977, 'Black', 98, 32, NULL, NULL),
(1978, 'Free DOS', 98, 23, NULL, NULL),
(1979, 'LOKIV15WHL20012074', 98, 92, NULL, NULL),
(1980, 'Intel Core i5-8250U 8th Gen 1.60-3.40GHz 6MB cache', 99, 13, NULL, NULL),
(1981, '4GB DDR4 2400MHz RAM', 99, 15, NULL, NULL),
(1982, '1TB HDD', 99, 16, NULL, NULL),
(1983, '14″ 1366×768 (WxH) HD LED Display with No Touch', 99, 26, NULL, NULL),
(1984, 'Graphics chipset AMD Radeon 520 2GB', 99, 17, NULL, NULL),
(1985, 'DVD RW', 99, 35, NULL, NULL),
(1986, 'LAN, WiFi, Bluetooth, Card Reader, WebCam', 99, 70, NULL, NULL),
(1987, 'Yes', 99, 39, NULL, NULL),
(1988, 'Yes', 99, 84, NULL, NULL),
(1989, 'Yes', 99, 40, NULL, NULL),
(1990, '2 x USB3.1 Gen 1 Type-A<br>1 x USB2.0', 99, 38, NULL, NULL),
(1991, '4 Cell Li-Cylindrical', 99, 24, NULL, NULL),
(1992, '1.76Kg', 99, 47, NULL, NULL),
(1993, 'Black', 99, 32, NULL, NULL),
(1994, 'Free-Dos', 99, 23, NULL, NULL),
(1995, 'Finger Print: Yes', 99, 29, NULL, NULL),
(1996, 'VEG14KBLR1901082', 99, 92, NULL, NULL),
(1997, 'Intel Core i5-8265U 8th Gen 1.60-3.90GHz 6MB cache', 100, 13, NULL, NULL),
(1998, '4GB DDR4 RAM', 100, 15, NULL, NULL),
(1999, '1TB HDD, 5400 rpm 2.5″ SATA Hard Drive', 100, 16, NULL, NULL),
(2000, '15.6″ 1366×768 (WxH) HD Anti-Glare LED-Backlit Non-touch Display', 100, 26, NULL, NULL),
(2001, 'Intel UHD Graphics 620 Shared', 100, 17, NULL, NULL),
(2002, 'DVD RW', 100, 35, NULL, NULL),
(2003, 'LAN, WiFi, Bluetooth, Card Reader', 100, 70, NULL, NULL),
(2004, 'Yes', 100, 39, NULL, NULL),
(2005, 'Yes', 100, 84, NULL, NULL),
(2006, 'Yes', 100, 40, NULL, NULL),
(2007, '2 x USB3.1 Gen 1 Type-A<br>1 x USB2.0', 100, 38, NULL, NULL),
(2008, '3 Cell', 100, 24, NULL, NULL),
(2009, '2.20Kg', 100, 47, NULL, NULL),
(2010, 'Black', 100, 32, NULL, NULL),
(2011, 'Free-Dos', 100, 23, NULL, NULL),
(2012, 'Integrated wide WebCam', 100, 36, NULL, NULL),
(2013, 'Ports: 1 x Micro SD Card Reader<br>1 x Wedge Shaped Lock Slot<br>1 x Power Jack<br>Audio and Speakers: 2 tuned speakers with Waves MaxxAudio Pro', 100, 45, NULL, NULL),
(2014, 'LOKIV15WHL20012075', 100, 92, NULL, NULL),
(2015, '8th Generation Intel Core  i5-8265U 1.60 GHz up to 3.9 GHz 6 MB Cache', 101, 13, NULL, NULL),
(2016, '4 GB DDR4 2666MHz', 101, 15, NULL, NULL),
(2017, '1 TB HDD 5400 RPM', 101, 16, NULL, NULL),
(2018, '15.6″ (1920x 1080) (WxH) FHD Display with No Touch', 101, 26, NULL, NULL),
(2019, 'Graphics chipset Intel UHD Graphics 620 Shared', 101, 17, NULL, NULL),
(2020, 'DVD RW', 101, 35, NULL, NULL),
(2021, 'Bluetooth,  WebCam', 101, 70, NULL, NULL),
(2022, 'YES', 101, 40, NULL, NULL),
(2023, '2 x USB3.1 Gen 1 Type-A<br>1 x USB2.0', 101, 38, NULL, NULL),
(2024, '3 Cell', 101, 24, NULL, NULL),
(2025, '1.66 Kg', 101, 47, NULL, NULL),
(2026, 'Black', 101, 32, NULL, NULL),
(2027, 'Free DOS', 101, 23, NULL, NULL),
(2028, 'LOKIV15WHL20012065', 101, 94, NULL, NULL),
(2029, 'Intel Core i5-8265U 8th Gen 1.60-3.90GHz 6MB cache', 102, 13, NULL, NULL),
(2030, '8GB DDR4 RAM', 102, 15, NULL, NULL),
(2031, '1TB HDD, 5400 rpm 2.5″ SATA Hard Drive', 102, 16, NULL, NULL),
(2032, '15.6″ 1920×1080 (WxH) FHD Anti-Glare LED-Backlit Non-touch Display', 102, 26, NULL, NULL),
(2033, 'Graphics chipset Intel UHD Graphics 620 Shared', 102, 17, NULL, NULL),
(2034, 'DVD RW', 102, 35, NULL, NULL),
(2035, 'LAN, WiFi, Bluetooth, Card Reader', 102, 70, NULL, NULL),
(2036, 'YES', 102, 39, NULL, NULL),
(2037, 'YES', 102, 84, NULL, NULL),
(2038, 'YES', 102, 40, NULL, NULL),
(2039, '2 x USB3.1 Gen 1 Type-A<br>1 x USB2.0', 102, 38, NULL, NULL),
(2040, '3 Cell', 102, 24, NULL, NULL),
(2041, '2.20Kg', 102, 47, NULL, NULL),
(2042, 'Black', 102, 32, NULL, NULL),
(2043, 'Free-Dos', 102, 23, NULL, NULL),
(2044, 'Integrated wide WebCam', 102, 36, NULL, NULL),
(2045, 'Ports: 1 x Micro SD Card Reader<br>1 x Wedge Shaped Lock Slot<br>1 x Power Jack<br>Audio and Speakers: 2 tuned speakers with Waves MaxxAudio Pro', 102, 45, NULL, NULL),
(2046, '1 x M.2 PCIe Blank SSD Slot, Max RAM Support 32GB<br>RAM Expansion Slot 1.', 102, 41, NULL, NULL),
(2047, 'LOKIV15WHL20012060', 102, 92, NULL, NULL);

-- --------------------------------------------------------

--
-- Dumping data for table `divisions`
--

INSERT INTO `divisions` (`id`, `name`, `bn_name`, `lat`, `long`, `created_at`, `updated_at`) VALUES
(1, 'Barishal', 'বরিশাল', '22.701002', '90.353451', NULL, NULL),
(2, 'Chattogram', 'চট্টগ্রাম', '22.356851', '91.783182', NULL, NULL),
(3, 'Dhaka', 'ঢাকা', '23.810332', '90.412518', NULL, NULL),
(4, 'Khulna', 'খুলনা', '22.845641', '89.540328', NULL, NULL),
(5, 'Rajshahi', 'রাজশাহী', '24.363589', '88.624135', NULL, NULL),
(6, 'Rangpur', 'রংপুর', '25.743892', '89.275227', NULL, NULL),
(7, 'Sylhet', 'সিলেট', '24.894929', '91.868706', NULL, NULL),
(8, 'Mymensingh', 'ময়মনসিংহ', '24.747149', '90.420273', NULL, NULL);

-- --------------------------------------------------------

--
-- Dumping data for table `districts`
--

INSERT INTO `districts` (`id`, `name`, `bn_name`, `lat`, `long`, `division_id`, `created_at`, `updated_at`) VALUES
(1, 'Dhaka', 'ঢাকা', '23.7115253', '90.4111451', 3, NULL, NULL),
(2, 'Faridpur', 'ফরিদপুর', '23.6070822', '89.8429406', 3, NULL, NULL),
(3, 'Gazipur', 'গাজীপুর', '24.0022858', '90.4264283', 3, NULL, NULL),
(4, 'Gopalganj', 'গোপালগঞ্জ', '23.0050857', '89.8266059', 3, NULL, NULL),
(5, 'Jamalpur', 'জামালপুর', '24.937533', '89.937775', 8, NULL, NULL),
(6, 'Kishoreganj', 'কিশোরগঞ্জ', '24.444937', '90.776575', 3, NULL, NULL),
(7, 'Madaripur', 'মাদারীপুর', '23.164102', '90.1896805', 3, NULL, NULL),
(8, 'Manikganj', 'মানিকগঞ্জ', '23.8644', '90.0047', 3, NULL, NULL),
(9, 'Munshiganj', 'মুন্সিগঞ্জ', '23.5422', '90.5305', 3, NULL, NULL),
(10, 'Mymensingh', 'ময়মনসিংহ', '24.7471', '90.4203', 8, NULL, NULL),
(11, 'Narayanganj', 'নারায়াণগঞ্জ', '23.63366', '90.496482', 3, NULL, NULL),
(12, 'Narsingdi', 'নরসিংদী', '23.932233', '90.71541', 3, NULL, NULL),
(13, 'Netrokona', 'নেত্রকোণা', '24.870955', '90.727887', 8, NULL, NULL),
(14, 'Rajbari', 'রাজবাড়ি', '23.7574305', '89.6444665', 3, NULL, NULL),
(15, 'Shariatpur', 'শরীয়তপুর', '23.2423', '90.4348', 3, NULL, NULL),
(16, 'Sherpur', 'শেরপুর', '25.0204933', '90.0152966', 8, NULL, NULL),
(17, 'Tangail', 'টাঙ্গাইল', '24.2513', '89.9167', 3, NULL, NULL),
(18, 'Bogura', 'বগুড়া', '24.8465228', '89.377755', 5, NULL, NULL),
(19, 'Joypurhat', 'জয়পুরহাট', '25.0968', '89.0227', 5, NULL, NULL),
(20, 'Naogaon', 'নওগাঁ', '24.7936', '88.9318', 5, NULL, NULL),
(21, 'Natore', 'নাটোর', '24.420556', '89.000282', 5, NULL, NULL),
(22, 'Chapainawabganj', 'চাঁপাইনবাবগঞ্জ', '24.5965034', '88.2775122', 5, NULL, NULL),
(23, 'Pabna', 'পাবনা', '23.998524', '89.233645', 5, NULL, NULL),
(24, 'Rajshahi', 'রাজশাহী', '24.3745', '88.6042', 5, NULL, NULL),
(25, 'Sirajgonj', 'সিরাজগঞ্জ', '24.4533978', '89.7006815', 5, NULL, NULL),
(26, 'Dinajpur', 'দিনাজপুর', '25.6217061', '88.6354504', 6, NULL, NULL),
(27, 'Gaibandha', 'গাইবান্ধা', '25.328751', '89.528088', 6, NULL, NULL),
(28, 'Kurigram', 'কুড়িগ্রাম', '25.805445', '89.636174', 6, NULL, NULL),
(29, 'Lalmonirhat', 'লালমনিরহাট', '25.9923', '89.2847', 6, NULL, NULL),
(30, 'Nilphamari', 'নীলফামারী', '25.931794', '88.856006', 6, NULL, NULL),
(31, 'Panchagarh', 'পঞ্চগড়', '26.3411', '88.5541606', 6, NULL, NULL),
(32, 'Rangpur', 'রংপুর', '25.7558096', '89.244462', 6, NULL, NULL),
(33, 'Thakurgaon', 'ঠাকুরগাঁও', '26.0336945', '88.4616834', 6, NULL, NULL),
(34, 'Barguna', 'বরগুনা', '22.0953', '90.1121', 1, NULL, NULL),
(35, 'Barishal', 'বরিশাল', '22.7010', '90.3535', 1, NULL, NULL),
(36, 'Bhola', 'ভোলা', '22.685923', '90.648179', 1, NULL, NULL),
(37, 'Jhalokati', 'ঝালকাঠি', '22.6406', '90.1987', 1, NULL, NULL),
(38, 'Patuakhali', 'পটুয়াখালী', '22.3596316', '90.3298712', 1, NULL, NULL),
(39, 'Pirojpur', 'পিরোজপুর', '22.5841', '89.9720', 1, NULL, NULL),
(40, 'Bandarban', 'বান্দরবান', '22.1953275', '92.2183773', 2, NULL, NULL),
(41, 'Brahmanbaria', 'ব্রাহ্মণবাড়িয়া', '23.9570904', '91.1119286', 2, NULL, NULL),
(42, 'Chandpur', 'চাঁদপুর', '23.2332585', '90.6712912', 2, NULL, NULL),
(43, 'Chattogram', 'চট্টগ্রাম', '22.335109', '91.834073', 2, NULL, NULL),
(44, 'Cumilla', 'কুমিল্লা', '23.4682747', '91.1788135', 2, NULL, NULL),
(45, 'Cox\'s Bazar', 'কক্স বাজার', '21.4272', '92.0058', 2, NULL, NULL),
(46, 'Feni', 'ফেনী', '23.0159', '91.3976', 2, NULL, NULL),
(47, 'Khagrachari', 'খাগড়াছড়ি', '23.119285', '91.984663', 2, NULL, NULL),
(48, 'Lakshmipur', 'লক্ষ্মীপুর', '22.942477', '90.841184', 2, NULL, NULL),
(49, 'Noakhali', 'নোয়াখালী', '22.869563', '91.099398', 2, NULL, NULL),
(50, 'Rangamati', 'রাঙ্গামাটি', '22.7324', '92.2985', 2, NULL, NULL),
(51, 'Habiganj', 'হবিগঞ্জ', '24.374945', '91.41553', 7, NULL, NULL),
(52, 'Maulvibazar', 'মৌলভীবাজার', '24.482934', '91.777417', 7, NULL, NULL),
(53, 'Sunamganj', 'সুনামগঞ্জ', '25.0658042', '91.3950115', 7, NULL, NULL),
(54, 'Sylhet', 'সিলেট', '24.8897956', '91.8697894', 7, NULL, NULL),
(55, 'Bagerhat', 'বাগেরহাট', '22.651568', '89.785938', 4, NULL, NULL),
(56, 'Chuadanga', 'চুয়াডাঙ্গা', '23.6401961', '88.841841', 4, NULL, NULL),
(57, 'Jashore', 'যশোর', '23.16643', '89.2081126', 4, NULL, NULL),
(58, 'Jhenaidah', 'ঝিনাইদহ', '23.5448176', '89.1539213', 4, NULL, NULL),
(59, 'Khulna', 'খুলনা', '22.815774', '89.568679', 4, NULL, NULL),
(60, 'Kushtia', 'কুষ্টিয়া', '23.901258', '89.120482', 4, NULL, NULL),
(61, 'Magura', 'মাগুরা', '23.487337', '89.419956', 4, NULL, NULL),
(62, 'Meherpur', 'মেহেরপুর', '23.762213', '88.631821', 4, NULL, NULL),
(63, 'Narail', 'নড়াইল', '23.172534', '89.512672', 4, NULL, NULL),
(64, 'Satkhira', 'সাতক্ষীরা', '22.7185', '89.0705', 4, NULL, NULL);

-- --------------------------------------------------------

--
-- Dumping data for table `upazilas`
--

INSERT INTO `upazilas` (`id`, `name`, `bn_name`, `district_id`, `created_at`, `updated_at`) VALUES
(1, 'Amtali', 'আমতলী', 34, NULL, NULL),
(2, 'Bamna', 'বামনা', 34, NULL, NULL),
(3, 'Barguna Sadar', 'বরগুনা সদর', 34, NULL, NULL),
(4, 'Betagi', 'বেতাগি', 34, NULL, NULL),
(5, 'Patharghata', 'পাথরঘাটা', 34, NULL, NULL),
(6, 'Taltali', 'তালতলী', 34, NULL, NULL),
(7, 'Muladi', 'মুলাদি', 35, NULL, NULL),
(8, 'Babuganj', 'বাবুগঞ্জ', 35, NULL, NULL),
(9, 'Agailjhara', 'আগাইলঝরা', 35, NULL, NULL),
(10, 'Barisal Sadar', 'বরিশাল সদর', 35, NULL, NULL),
(11, 'Bakerganj', 'বাকেরগঞ্জ', 35, NULL, NULL),
(12, 'Banaripara', 'বানাড়িপারা', 35, NULL, NULL),
(13, 'Gaurnadi', 'গৌরনদী', 35, NULL, NULL),
(14, 'Hizla', 'হিজলা', 35, NULL, NULL),
(15, 'Mehendiganj', 'মেহেদিগঞ্জ ', 35, NULL, NULL),
(16, 'Wazirpur', 'ওয়াজিরপুর', 35, NULL, NULL),
(17, 'Bhola Sadar', 'ভোলা সদর', 36, NULL, NULL),
(18, 'Burhanuddin', 'বুরহানউদ্দিন', 36, NULL, NULL),
(19, 'Char Fasson', 'চর ফ্যাশন', 36, NULL, NULL),
(20, 'Daulatkhan', 'দৌলতখান', 36, NULL, NULL),
(21, 'Lalmohan', 'লালমোহন', 36, NULL, NULL),
(22, 'Manpura', 'মনপুরা', 36, NULL, NULL),
(23, 'Tazumuddin', 'তাজুমুদ্দিন', 36, NULL, NULL),
(24, 'Jhalokati Sadar', 'ঝালকাঠি সদর', 37, NULL, NULL),
(25, 'Kathalia', 'কাঁঠালিয়া', 37, NULL, NULL),
(26, 'Nalchity', 'নালচিতি', 37, NULL, NULL),
(27, 'Rajapur', 'রাজাপুর', 37, NULL, NULL),
(28, 'Bauphal', 'বাউফল', 38, NULL, NULL),
(29, 'Dashmina', 'দশমিনা', 38, NULL, NULL),
(30, 'Galachipa', 'গলাচিপা', 38, NULL, NULL),
(31, 'Kalapara', 'কালাপারা', 38, NULL, NULL),
(32, 'Mirzaganj', 'মির্জাগঞ্জ ', 38, NULL, NULL),
(33, 'Patuakhali Sadar', 'পটুয়াখালী সদর', 38, NULL, NULL),
(34, 'Dumki', 'ডুমকি', 38, NULL, NULL),
(35, 'Rangabali', 'রাঙ্গাবালি', 38, NULL, NULL),
(36, 'Bhandaria', 'ভ্যান্ডারিয়া', 39, NULL, NULL),
(37, 'Kaukhali', 'কাউখালি', 39, NULL, NULL),
(38, 'Mathbaria', 'মাঠবাড়িয়া', 39, NULL, NULL),
(39, 'Nazirpur', 'নাজিরপুর', 39, NULL, NULL),
(40, 'Nesarabad', 'নেসারাবাদ', 39, NULL, NULL),
(41, 'Pirojpur Sadar', 'পিরোজপুর সদর', 39, NULL, NULL),
(42, 'Zianagar', 'জিয়ানগর', 39, NULL, NULL),
(43, 'Bandarban Sadar', 'বান্দরবন সদর', 40, NULL, NULL),
(44, 'Thanchi', 'থানচি', 40, NULL, NULL),
(45, 'Lama', 'লামা', 40, NULL, NULL),
(46, 'Naikhongchhari', 'নাইখংছড়ি ', 40, NULL, NULL),
(47, 'Ali kadam', 'আলী কদম', 40, NULL, NULL),
(48, 'Rowangchhari', 'রউয়াংছড়ি ', 40, NULL, NULL),
(49, 'Ruma', 'রুমা', 40, NULL, NULL),
(50, 'Brahmanbaria Sadar', 'ব্রাহ্মণবাড়িয়া সদর', 41, NULL, NULL),
(51, 'Ashuganj', 'আশুগঞ্জ', 41, NULL, NULL),
(52, 'Nasirnagar', 'নাসির নগর', 41, NULL, NULL),
(53, 'Nabinagar', 'নবীনগর', 41, NULL, NULL),
(54, 'Sarail', 'সরাইল', 41, NULL, NULL),
(55, 'Shahbazpur Town', 'শাহবাজপুর টাউন', 41, NULL, NULL),
(56, 'Kasba', 'কসবা', 41, NULL, NULL),
(57, 'Akhaura', 'আখাউরা', 41, NULL, NULL),
(58, 'Bancharampur', 'বাঞ্ছারামপুর', 41, NULL, NULL),
(59, 'Bijoynagar', 'বিজয় নগর', 41, NULL, NULL),
(60, 'Chandpur Sadar', 'চাঁদপুর সদর', 42, NULL, NULL),
(61, 'Faridganj', 'ফরিদগঞ্জ', 42, NULL, NULL),
(62, 'Haimchar', 'হাইমচর', 42, NULL, NULL),
(63, 'Haziganj', 'হাজীগঞ্জ', 42, NULL, NULL),
(64, 'Kachua', 'কচুয়া', 42, NULL, NULL),
(65, 'Matlab Uttar', 'মতলব উত্তর', 42, NULL, NULL),
(66, 'Matlab Dakkhin', 'মতলব দক্ষিণ', 42, NULL, NULL),
(67, 'Shahrasti', 'শাহরাস্তি', 42, NULL, NULL),
(68, 'Anwara', 'আনোয়ারা', 43, NULL, NULL),
(69, 'Banshkhali', 'বাশখালি', 43, NULL, NULL),
(70, 'Boalkhali', 'বোয়ালখালি', 43, NULL, NULL),
(71, 'Chandanaish', 'চন্দনাইশ', 43, NULL, NULL),
(72, 'Fatikchhari', 'ফটিকছড়ি', 43, NULL, NULL),
(73, 'Hathazari', 'হাঠহাজারী', 43, NULL, NULL),
(74, 'Lohagara', 'লোহাগারা', 43, NULL, NULL),
(75, 'Mirsharai', 'মিরসরাই', 43, NULL, NULL),
(76, 'Patiya', 'পটিয়া', 43, NULL, NULL),
(77, 'Rangunia', 'রাঙ্গুনিয়া', 43, NULL, NULL),
(78, 'Raozan', 'রাউজান', 43, NULL, NULL),
(79, 'Sandwip', 'সন্দ্বীপ', 43, NULL, NULL),
(80, 'Satkania', 'সাতকানিয়া', 43, NULL, NULL),
(81, 'Sitakunda', 'সীতাকুণ্ড', 43, NULL, NULL),
(82, 'Barura', 'বড়ুরা', 44, NULL, NULL),
(83, 'Brahmanpara', 'ব্রাহ্মণপাড়া', 44, NULL, NULL),
(84, 'Burichong', 'বুড়িচং', 44, NULL, NULL),
(85, 'Chandina', 'চান্দিনা', 44, NULL, NULL),
(86, 'Chauddagram', 'চৌদ্দগ্রাম', 44, NULL, NULL),
(87, 'Daudkandi', 'দাউদকান্দি', 44, NULL, NULL),
(88, 'Debidwar', 'দেবীদ্বার', 44, NULL, NULL),
(89, 'Homna', 'হোমনা', 44, NULL, NULL),
(90, 'Comilla Sadar', 'কুমিল্লা সদর', 44, NULL, NULL),
(91, 'Laksam', 'লাকসাম', 44, NULL, NULL),
(92, 'Monohorgonj', 'মনোহরগঞ্জ', 44, NULL, NULL),
(93, 'Meghna', 'মেঘনা', 44, NULL, NULL),
(94, 'Muradnagar', 'মুরাদনগর', 44, NULL, NULL),
(95, 'Nangalkot', 'নাঙ্গালকোট', 44, NULL, NULL),
(96, 'Comilla Sadar South', 'কুমিল্লা সদর দক্ষিণ', 44, NULL, NULL),
(97, 'Titas', 'তিতাস', 44, NULL, NULL),
(98, 'Chakaria', 'চকরিয়া', 45, NULL, NULL),
(100, '{{198}}\'\'{{199}}', 'কক্স বাজার সদর', 45, NULL, NULL),
(101, 'Kutubdia', 'কুতুবদিয়া', 45, NULL, NULL),
(102, 'Maheshkhali', 'মহেশখালী', 45, NULL, NULL),
(103, 'Ramu', 'রামু', 45, NULL, NULL),
(104, 'Teknaf', 'টেকনাফ', 45, NULL, NULL),
(105, 'Ukhia', 'উখিয়া', 45, NULL, NULL),
(106, 'Pekua', 'পেকুয়া', 45, NULL, NULL),
(107, 'Feni Sadar', 'ফেনী সদর', 46, NULL, NULL),
(108, 'Chagalnaiya', 'ছাগল নাইয়া', 46, NULL, NULL),
(109, 'Daganbhyan', 'দাগানভিয়া', 46, NULL, NULL),
(110, 'Parshuram', 'পরশুরাম', 46, NULL, NULL),
(111, 'Fhulgazi', 'ফুলগাজি', 46, NULL, NULL),
(112, 'Sonagazi', 'সোনাগাজি', 46, NULL, NULL),
(113, 'Dighinala', 'দিঘিনালা ', 47, NULL, NULL),
(114, 'Khagrachhari', 'খাগড়াছড়ি', 47, NULL, NULL),
(115, 'Lakshmichhari', 'লক্ষ্মীছড়ি', 47, NULL, NULL),
(116, 'Mahalchhari', 'মহলছড়ি', 47, NULL, NULL),
(117, 'Manikchhari', 'মানিকছড়ি', 47, NULL, NULL),
(118, 'Matiranga', 'মাটিরাঙ্গা', 47, NULL, NULL),
(119, 'Panchhari', 'পানছড়ি', 47, NULL, NULL),
(120, 'Ramgarh', 'রামগড়', 47, NULL, NULL),
(121, 'Lakshmipur Sadar', 'লক্ষ্মীপুর সদর', 48, NULL, NULL),
(122, 'Raipur', 'রায়পুর', 48, NULL, NULL),
(123, 'Ramganj', 'রামগঞ্জ', 48, NULL, NULL),
(124, 'Ramgati', 'রামগতি', 48, NULL, NULL),
(125, 'Komol Nagar', 'কমল নগর', 48, NULL, NULL),
(126, 'Noakhali Sadar', 'নোয়াখালী সদর', 49, NULL, NULL),
(127, 'Begumganj', 'বেগমগঞ্জ', 49, NULL, NULL),
(128, 'Chatkhil', 'চাটখিল', 49, NULL, NULL),
(129, 'Companyganj', 'কোম্পানীগঞ্জ', 49, NULL, NULL),
(130, 'Shenbag', 'শেনবাগ', 49, NULL, NULL),
(131, 'Hatia', 'হাতিয়া', 49, NULL, NULL),
(132, 'Kobirhat', 'কবিরহাট ', 49, NULL, NULL),
(133, 'Sonaimuri', 'সোনাইমুরি', 49, NULL, NULL),
(134, 'Suborno Char', 'সুবর্ণ চর ', 49, NULL, NULL),
(135, 'Rangamati Sadar', 'রাঙ্গামাটি সদর', 50, NULL, NULL),
(136, 'Belaichhari', 'বেলাইছড়ি', 50, NULL, NULL),
(137, 'Bagaichhari', 'বাঘাইছড়ি', 50, NULL, NULL),
(138, 'Barkal', 'বরকল', 50, NULL, NULL),
(139, 'Juraichhari', 'জুরাইছড়ি', 50, NULL, NULL),
(140, 'Rajasthali', 'রাজাস্থলি', 50, NULL, NULL),
(141, 'Kaptai', 'কাপ্তাই', 50, NULL, NULL),
(142, 'Langadu', 'লাঙ্গাডু', 50, NULL, NULL),
(143, 'Nannerchar', 'নান্নেরচর ', 50, NULL, NULL),
(144, 'Kaukhali', 'কাউখালি', 50, NULL, NULL),
(145, 'Dhamrai', 'ধামরাই', 1, NULL, NULL),
(146, 'Dohar', 'দোহার', 1, NULL, NULL),
(147, 'Keraniganj', 'কেরানীগঞ্জ', 1, NULL, NULL),
(148, 'Nawabganj', 'নবাবগঞ্জ', 1, NULL, NULL),
(149, 'Savar', 'সাভার', 1, NULL, NULL),
(150, 'Faridpur Sadar', 'ফরিদপুর সদর', 2, NULL, NULL),
(151, 'Boalmari', 'বোয়ালমারী', 2, NULL, NULL),
(152, 'Alfadanga', 'আলফাডাঙ্গা', 2, NULL, NULL),
(153, 'Madhukhali', 'মধুখালি', 2, NULL, NULL),
(154, 'Bhanga', 'ভাঙ্গা', 2, NULL, NULL),
(155, 'Nagarkanda', 'নগরকান্ড', 2, NULL, NULL),
(156, 'Charbhadrasan', 'চরভদ্রাসন ', 2, NULL, NULL),
(157, 'Sadarpur', 'সদরপুর', 2, NULL, NULL),
(158, 'Shaltha', 'শালথা', 2, NULL, NULL),
(159, 'Gazipur Sadar-Joydebpur', 'গাজীপুর সদর', 3, NULL, NULL),
(160, 'Kaliakior', 'কালিয়াকৈর', 3, NULL, NULL),
(161, 'Kapasia', 'কাপাসিয়া', 3, NULL, NULL),
(162, 'Sripur', 'শ্রীপুর', 3, NULL, NULL),
(163, 'Kaliganj', 'কালীগঞ্জ', 3, NULL, NULL),
(164, 'Tongi', 'টঙ্গি', 3, NULL, NULL),
(165, 'Gopalganj Sadar', 'গোপালগঞ্জ সদর', 4, NULL, NULL),
(166, 'Kashiani', 'কাশিয়ানি', 4, NULL, NULL),
(167, 'Kotalipara', 'কোটালিপাড়া', 4, NULL, NULL),
(168, 'Muksudpur', 'মুকসুদপুর', 4, NULL, NULL),
(169, 'Tungipara', 'টুঙ্গিপাড়া', 4, NULL, NULL),
(170, 'Dewanganj', 'দেওয়ানগঞ্জ', 5, NULL, NULL),
(171, 'Baksiganj', 'বকসিগঞ্জ', 5, NULL, NULL),
(172, 'Islampur', 'ইসলামপুর', 5, NULL, NULL),
(173, 'Jamalpur Sadar', 'জামালপুর সদর', 5, NULL, NULL),
(174, 'Madarganj', 'মাদারগঞ্জ', 5, NULL, NULL),
(175, 'Melandaha', 'মেলানদাহা', 5, NULL, NULL),
(176, 'Sarishabari', 'সরিষাবাড়ি ', 5, NULL, NULL),
(177, 'Narundi Police I.C', 'নারুন্দি', 5, NULL, NULL),
(178, 'Astagram', 'অষ্টগ্রাম', 6, NULL, NULL),
(179, 'Bajitpur', 'বাজিতপুর', 6, NULL, NULL),
(180, 'Bhairab', 'ভৈরব', 6, NULL, NULL),
(181, 'Hossainpur', 'হোসেনপুর ', 6, NULL, NULL),
(182, 'Itna', 'ইটনা', 6, NULL, NULL),
(183, 'Karimganj', 'করিমগঞ্জ', 6, NULL, NULL),
(184, 'Katiadi', 'কতিয়াদি', 6, NULL, NULL),
(185, 'Kishoreganj Sadar', 'কিশোরগঞ্জ সদর', 6, NULL, NULL),
(186, 'Kuliarchar', 'কুলিয়ারচর', 6, NULL, NULL),
(187, 'Mithamain', 'মিঠামাইন', 6, NULL, NULL),
(188, 'Nikli', 'নিকলি', 6, NULL, NULL),
(189, 'Pakundia', 'পাকুন্ডা', 6, NULL, NULL),
(190, 'Tarail', 'তাড়াইল', 6, NULL, NULL),
(191, 'Madaripur Sadar', 'মাদারীপুর সদর', 7, NULL, NULL),
(192, 'Kalkini', 'কালকিনি', 7, NULL, NULL),
(193, 'Rajoir', 'রাজইর', 7, NULL, NULL),
(194, 'Shibchar', 'শিবচর', 7, NULL, NULL),
(195, 'Manikganj Sadar', 'মানিকগঞ্জ সদর', 8, NULL, NULL),
(196, 'Singair', 'সিঙ্গাইর', 8, NULL, NULL),
(197, 'Shibalaya', 'শিবালয়', 8, NULL, NULL),
(198, 'Saturia', 'সাঠুরিয়া', 8, NULL, NULL),
(199, 'Harirampur', 'হরিরামপুর', 8, NULL, NULL),
(200, 'Ghior', 'ঘিওর', 8, NULL, NULL),
(201, 'Daulatpur', 'দৌলতপুর', 8, NULL, NULL),
(202, 'Lohajang', 'লোহাজং', 9, NULL, NULL),
(203, 'Sreenagar', 'শ্রীনগর', 9, NULL, NULL),
(204, 'Munshiganj Sadar', 'মুন্সিগঞ্জ সদর', 9, NULL, NULL),
(205, 'Sirajdikhan', 'সিরাজদিখান', 9, NULL, NULL),
(206, 'Tongibari', 'টঙ্গিবাড়ি', 9, NULL, NULL),
(207, 'Gazaria', 'গজারিয়া', 9, NULL, NULL),
(208, 'Bhaluka', 'ভালুকা', 10, NULL, NULL),
(209, 'Trishal', 'ত্রিশাল', 10, NULL, NULL),
(210, 'Haluaghat', 'হালুয়াঘাট', 10, NULL, NULL),
(211, 'Muktagachha', 'মুক্তাগাছা', 10, NULL, NULL),
(212, 'Dhobaura', 'ধবারুয়া', 10, NULL, NULL),
(213, 'Fulbaria', 'ফুলবাড়িয়া', 10, NULL, NULL),
(214, 'Gaffargaon', 'গফরগাঁও', 10, NULL, NULL),
(215, 'Gauripur', 'গৌরিপুর', 10, NULL, NULL),
(216, 'Ishwarganj', 'ঈশ্বরগঞ্জ', 10, NULL, NULL),
(217, 'Mymensingh Sadar', 'ময়মনসিং সদর', 10, NULL, NULL),
(218, 'Nandail', 'নন্দাইল', 10, NULL, NULL),
(219, 'Phulpur', 'ফুলপুর', 10, NULL, NULL),
(220, 'Araihazar', 'আড়াইহাজার', 11, NULL, NULL),
(221, 'Sonargaon', 'সোনারগাঁও', 11, NULL, NULL),
(222, 'Bandar', 'বান্দার', 11, NULL, NULL),
(223, 'Naryanganj Sadar', 'নারায়ানগঞ্জ সদর', 11, NULL, NULL),
(224, 'Rupganj', 'রূপগঞ্জ', 11, NULL, NULL),
(225, 'Siddirgonj', 'সিদ্ধিরগঞ্জ', 11, NULL, NULL),
(226, 'Belabo', 'বেলাবো', 12, NULL, NULL),
(227, 'Monohardi', 'মনোহরদি', 12, NULL, NULL),
(228, 'Narsingdi Sadar', 'নরসিংদী সদর', 12, NULL, NULL),
(229, 'Palash', 'পলাশ', 12, NULL, NULL),
(230, 'Raipura, Narsingdi', 'রায়পুর', 12, NULL, NULL),
(231, 'Shibpur', 'শিবপুর', 12, NULL, NULL),
(232, 'Kendua Upazilla', 'কেন্দুয়া', 13, NULL, NULL),
(233, 'Atpara Upazilla', 'আটপাড়া', 13, NULL, NULL),
(234, 'Barhatta Upazilla', 'বরহাট্টা', 13, NULL, NULL),
(235, 'Durgapur Upazilla', 'দুর্গাপুর', 13, NULL, NULL),
(236, 'Kalmakanda Upazilla', 'কলমাকান্দা', 13, NULL, NULL),
(237, 'Madan Upazilla', 'মদন', 13, NULL, NULL),
(238, 'Mohanganj Upazilla', 'মোহনগঞ্জ', 13, NULL, NULL),
(239, 'Netrakona-S Upazilla', 'নেত্রকোনা সদর', 13, NULL, NULL),
(240, 'Purbadhala Upazilla', 'পূর্বধলা', 13, NULL, NULL),
(241, 'Khaliajuri Upazilla', 'খালিয়াজুরি', 13, NULL, NULL),
(242, 'Baliakandi', 'বালিয়াকান্দি', 14, NULL, NULL),
(243, 'Goalandaghat', 'গোয়ালন্দ ঘাট', 14, NULL, NULL),
(244, 'Pangsha', 'পাংশা', 14, NULL, NULL),
(245, 'Kalukhali', 'কালুখালি', 14, NULL, NULL),
(246, 'Rajbari Sadar', 'রাজবাড়ি সদর', 14, NULL, NULL),
(247, 'Shariatpur Sadar -Palong', 'শরীয়তপুর সদর ', 15, NULL, NULL),
(248, 'Damudya', 'দামুদিয়া', 15, NULL, NULL),
(249, 'Naria', 'নড়িয়া', 15, NULL, NULL),
(250, 'Jajira', 'জাজিরা', 15, NULL, NULL),
(251, 'Bhedarganj', 'ভেদারগঞ্জ', 15, NULL, NULL),
(252, 'Gosairhat', 'গোসাইর হাট ', 15, NULL, NULL),
(253, 'Jhenaigati', 'ঝিনাইগাতি', 16, NULL, NULL),
(254, 'Nakla', 'নাকলা', 16, NULL, NULL),
(255, 'Nalitabari', 'নালিতাবাড়ি', 16, NULL, NULL),
(256, 'Sherpur Sadar', 'শেরপুর সদর', 16, NULL, NULL),
(257, 'Sreebardi', 'শ্রীবরদি', 16, NULL, NULL),
(258, 'Tangail Sadar', 'টাঙ্গাইল সদর', 17, NULL, NULL),
(259, 'Sakhipur', 'সখিপুর', 17, NULL, NULL),
(260, 'Basail', 'বসাইল', 17, NULL, NULL),
(261, 'Madhupur', 'মধুপুর', 17, NULL, NULL),
(262, 'Ghatail', 'ঘাটাইল', 17, NULL, NULL),
(263, 'Kalihati', 'কালিহাতি', 17, NULL, NULL),
(264, 'Nagarpur', 'নগরপুর', 17, NULL, NULL),
(265, 'Mirzapur', 'মির্জাপুর', 17, NULL, NULL),
(266, 'Gopalpur', 'গোপালপুর', 17, NULL, NULL),
(267, 'Delduar', 'দেলদুয়ার', 17, NULL, NULL),
(268, 'Bhuapur', 'ভুয়াপুর', 17, NULL, NULL),
(269, 'Dhanbari', 'ধানবাড়ি', 17, NULL, NULL),
(270, 'Bagerhat Sadar', 'বাগেরহাট সদর', 55, NULL, NULL),
(271, 'Chitalmari', 'চিতলমাড়ি', 55, NULL, NULL),
(272, 'Fakirhat', 'ফকিরহাট', 55, NULL, NULL),
(273, 'Kachua', 'কচুয়া', 55, NULL, NULL),
(274, 'Mollahat', 'মোল্লাহাট ', 55, NULL, NULL),
(275, 'Mongla', 'মংলা', 55, NULL, NULL),
(276, 'Morrelganj', 'মরেলগঞ্জ', 55, NULL, NULL),
(277, 'Rampal', 'রামপাল', 55, NULL, NULL),
(278, 'Sarankhola', 'স্মরণখোলা', 55, NULL, NULL),
(279, 'Damurhuda', 'দামুরহুদা', 56, NULL, NULL),
(280, 'Chuadanga-S', 'চুয়াডাঙ্গা সদর', 56, NULL, NULL),
(281, 'Jibannagar', 'জীবন নগর ', 56, NULL, NULL),
(282, 'Alamdanga', 'আলমডাঙ্গা', 56, NULL, NULL),
(283, 'Abhaynagar', 'অভয়নগর', 57, NULL, NULL),
(284, 'Keshabpur', 'কেশবপুর', 57, NULL, NULL),
(285, 'Bagherpara', 'বাঘের পাড়া ', 57, NULL, NULL),
(286, 'Jessore Sadar', 'যশোর সদর', 57, NULL, NULL),
(287, 'Chaugachha', 'চৌগাছা', 57, NULL, NULL),
(288, 'Manirampur', 'মনিরামপুর ', 57, NULL, NULL),
(289, 'Jhikargachha', 'ঝিকরগাছা', 57, NULL, NULL),
(290, 'Sharsha', 'সারশা', 57, NULL, NULL),
(291, 'Jhenaidah Sadar', 'ঝিনাইদহ সদর', 58, NULL, NULL),
(292, 'Maheshpur', 'মহেশপুর', 58, NULL, NULL),
(293, 'Kaliganj', 'কালীগঞ্জ', 58, NULL, NULL),
(294, 'Kotchandpur', 'কোট চাঁদপুর ', 58, NULL, NULL),
(295, 'Shailkupa', 'শৈলকুপা', 58, NULL, NULL),
(296, 'Harinakunda', 'হাড়িনাকুন্দা', 58, NULL, NULL),
(297, 'Terokhada', 'তেরোখাদা', 59, NULL, NULL),
(298, 'Batiaghata', 'বাটিয়াঘাটা ', 59, NULL, NULL),
(299, 'Dacope', 'ডাকপে', 59, NULL, NULL),
(300, 'Dumuria', 'ডুমুরিয়া', 59, NULL, NULL),
(301, 'Dighalia', 'দিঘলিয়া', 59, NULL, NULL),
(302, 'Koyra', 'কয়ড়া', 59, NULL, NULL),
(303, 'Paikgachha', 'পাইকগাছা', 59, NULL, NULL),
(304, 'Phultala', 'ফুলতলা', 59, NULL, NULL),
(305, 'Rupsa', 'রূপসা', 59, NULL, NULL),
(306, 'Kushtia Sadar', 'কুষ্টিয়া সদর', 60, NULL, NULL),
(307, 'Kumarkhali', 'কুমারখালি', 60, NULL, NULL),
(308, 'Daulatpur', 'দৌলতপুর', 60, NULL, NULL),
(309, 'Mirpur', 'মিরপুর', 60, NULL, NULL),
(310, 'Bheramara', 'ভেরামারা', 60, NULL, NULL),
(311, 'Khoksa', 'খোকসা', 60, NULL, NULL),
(312, 'Magura Sadar', 'মাগুরা সদর', 61, NULL, NULL),
(313, 'Mohammadpur', 'মোহাম্মাদপুর', 61, NULL, NULL),
(314, 'Shalikha', 'শালিখা', 61, NULL, NULL),
(315, 'Sreepur', 'শ্রীপুর', 61, NULL, NULL),
(316, 'angni', 'আংনি', 62, NULL, NULL),
(317, 'Mujib Nagar', 'মুজিব নগর', 62, NULL, NULL),
(318, 'Meherpur-S', 'মেহেরপুর সদর', 62, NULL, NULL),
(319, 'Narail-S Upazilla', 'নড়াইল সদর', 63, NULL, NULL),
(320, 'Lohagara Upazilla', 'লোহাগাড়া', 63, NULL, NULL),
(321, 'Kalia Upazilla', 'কালিয়া', 63, NULL, NULL),
(322, 'Satkhira Sadar', 'সাতক্ষীরা সদর', 64, NULL, NULL),
(323, 'Assasuni', 'আসসাশুনি ', 64, NULL, NULL),
(324, 'Debhata', 'দেভাটা', 64, NULL, NULL),
(325, 'Tala', 'তালা', 64, NULL, NULL),
(326, 'Kalaroa', 'কলরোয়া', 64, NULL, NULL),
(327, 'Kaliganj', 'কালীগঞ্জ', 64, NULL, NULL),
(328, 'Shyamnagar', 'শ্যামনগর', 64, NULL, NULL),
(329, 'Adamdighi', 'আদমদিঘী', 18, NULL, NULL),
(330, 'Bogra Sadar', 'বগুড়া সদর', 18, NULL, NULL),
(331, 'Sherpur', 'শেরপুর', 18, NULL, NULL),
(332, 'Dhunat', 'ধুনট', 18, NULL, NULL),
(333, 'Dhupchanchia', 'দুপচাচিয়া', 18, NULL, NULL),
(334, 'Gabtali', 'গাবতলি', 18, NULL, NULL),
(335, 'Kahaloo', 'কাহালু', 18, NULL, NULL),
(336, 'Nandigram', 'নন্দিগ্রাম', 18, NULL, NULL),
(337, 'Sahajanpur', 'শাহজাহানপুর', 18, NULL, NULL),
(338, 'Sariakandi', 'সারিয়াকান্দি', 18, NULL, NULL),
(339, 'Shibganj', 'শিবগঞ্জ', 18, NULL, NULL),
(340, 'Sonatala', 'সোনাতলা', 18, NULL, NULL),
(341, 'Joypurhat S', 'জয়পুরহাট সদর', 19, NULL, NULL),
(342, 'Akkelpur', 'আক্কেলপুর', 19, NULL, NULL),
(343, 'Kalai', 'কালাই', 19, NULL, NULL),
(344, 'Khetlal', 'খেতলাল', 19, NULL, NULL),
(345, 'Panchbibi', 'পাঁচবিবি', 19, NULL, NULL),
(346, 'Naogaon Sadar', 'নওগাঁ সদর', 20, NULL, NULL),
(347, 'Mohadevpur', 'মহাদেবপুর', 20, NULL, NULL),
(348, 'Manda', 'মান্দা', 20, NULL, NULL),
(349, 'Niamatpur', 'নিয়ামতপুর', 20, NULL, NULL),
(350, 'Atrai', 'আত্রাই', 20, NULL, NULL),
(351, 'Raninagar', 'রাণীনগর', 20, NULL, NULL),
(352, 'Patnitala', 'পত্নীতলা', 20, NULL, NULL),
(353, 'Dhamoirhat', 'ধামইরহাট ', 20, NULL, NULL),
(354, 'Sapahar', 'সাপাহার', 20, NULL, NULL),
(355, 'Porsha', 'পোরশা', 20, NULL, NULL),
(356, 'Badalgachhi', 'বদলগাছি', 20, NULL, NULL),
(357, 'Natore Sadar', 'নাটোর সদর', 21, NULL, NULL),
(358, 'Baraigram', 'বড়াইগ্রাম', 21, NULL, NULL),
(359, 'Bagatipara', 'বাগাতিপাড়া', 21, NULL, NULL),
(360, 'Lalpur', 'লালপুর', 21, NULL, NULL),
(361, 'Natore Sadar', 'নাটোর সদর', 21, NULL, NULL),
(362, 'Baraigram', 'বড়াই গ্রাম', 21, NULL, NULL),
(363, 'Bholahat', 'ভোলাহাট', 22, NULL, NULL),
(364, 'Gomastapur', 'গোমস্তাপুর', 22, NULL, NULL),
(365, 'Nachole', 'নাচোল', 22, NULL, NULL),
(366, 'Nawabganj Sadar', 'নবাবগঞ্জ সদর', 22, NULL, NULL),
(367, 'Shibganj', 'শিবগঞ্জ', 22, NULL, NULL),
(368, 'Atgharia', 'আটঘরিয়া', 23, NULL, NULL),
(369, 'Bera', 'বেড়া', 23, NULL, NULL),
(370, 'Bhangura', 'ভাঙ্গুরা', 23, NULL, NULL),
(371, 'Chatmohar', 'চাটমোহর', 23, NULL, NULL),
(372, 'Faridpur', 'ফরিদপুর', 23, NULL, NULL),
(373, 'Ishwardi', 'ঈশ্বরদী', 23, NULL, NULL),
(374, 'Pabna Sadar', 'পাবনা সদর', 23, NULL, NULL),
(375, 'Santhia', 'সাথিয়া', 23, NULL, NULL),
(376, 'Sujanagar', 'সুজানগর', 23, NULL, NULL),
(377, 'Bagha', 'বাঘা', 24, NULL, NULL),
(378, 'Bagmara', 'বাগমারা', 24, NULL, NULL),
(379, 'Charghat', 'চারঘাট', 24, NULL, NULL),
(380, 'Durgapur', 'দুর্গাপুর', 24, NULL, NULL),
(381, 'Godagari', 'গোদাগারি', 24, NULL, NULL),
(382, 'Mohanpur', 'মোহনপুর', 24, NULL, NULL),
(383, 'Paba', 'পবা', 24, NULL, NULL),
(384, 'Puthia', 'পুঠিয়া', 24, NULL, NULL),
(385, 'Tanore', 'তানোর', 24, NULL, NULL),
(386, 'Sirajganj Sadar', 'সিরাজগঞ্জ সদর', 25, NULL, NULL),
(387, 'Belkuchi', 'বেলকুচি', 25, NULL, NULL),
(388, 'Chauhali', 'চৌহালি', 25, NULL, NULL),
(389, 'Kamarkhanda', 'কামারখান্দা', 25, NULL, NULL),
(390, 'Kazipur', 'কাজীপুর', 25, NULL, NULL),
(391, 'Raiganj', 'রায়গঞ্জ', 25, NULL, NULL),
(392, 'Shahjadpur', 'শাহজাদপুর', 25, NULL, NULL),
(393, 'Tarash', 'তারাশ', 25, NULL, NULL),
(394, 'Ullahpara', 'উল্লাপাড়া', 25, NULL, NULL),
(395, 'Birampur', 'বিরামপুর', 26, NULL, NULL),
(396, 'Birganj', 'বীরগঞ্জ', 26, NULL, NULL),
(397, 'Biral', 'বিড়াল', 26, NULL, NULL),
(398, 'Bochaganj', 'বোচাগঞ্জ', 26, NULL, NULL),
(399, 'Chirirbandar', 'চিরিরবন্দর', 26, NULL, NULL),
(400, 'Phulbari', 'ফুলবাড়ি', 26, NULL, NULL),
(401, 'Ghoraghat', 'ঘোড়াঘাট', 26, NULL, NULL),
(402, 'Hakimpur', 'হাকিমপুর', 26, NULL, NULL),
(403, 'Kaharole', 'কাহারোল', 26, NULL, NULL),
(404, 'Khansama', 'খানসামা', 26, NULL, NULL),
(405, 'Dinajpur Sadar', 'দিনাজপুর সদর', 26, NULL, NULL),
(406, 'Nawabganj', 'নবাবগঞ্জ', 26, NULL, NULL),
(407, 'Parbatipur', 'পার্বতীপুর', 26, NULL, NULL),
(408, 'Fulchhari', 'ফুলছড়ি', 27, NULL, NULL),
(409, 'Gaibandha sadar', 'গাইবান্ধা সদর', 27, NULL, NULL),
(410, 'Gobindaganj', 'গোবিন্দগঞ্জ', 27, NULL, NULL),
(411, 'Palashbari', 'পলাশবাড়ী', 27, NULL, NULL),
(412, 'Sadullapur', 'সাদুল্যাপুর', 27, NULL, NULL),
(413, 'Saghata', 'সাঘাটা', 27, NULL, NULL),
(414, 'Sundarganj', 'সুন্দরগঞ্জ', 27, NULL, NULL),
(415, 'Kurigram Sadar', 'কুড়িগ্রাম সদর', 28, NULL, NULL),
(416, 'Nageshwari', 'নাগেশ্বরী', 28, NULL, NULL),
(417, 'Bhurungamari', 'ভুরুঙ্গামারি', 28, NULL, NULL),
(418, 'Phulbari', 'ফুলবাড়ি', 28, NULL, NULL),
(419, 'Rajarhat', 'রাজারহাট', 28, NULL, NULL),
(420, 'Ulipur', 'উলিপুর', 28, NULL, NULL),
(421, 'Chilmari', 'চিলমারি', 28, NULL, NULL),
(422, 'Rowmari', 'রউমারি', 28, NULL, NULL),
(423, 'Char Rajibpur', 'চর রাজিবপুর', 28, NULL, NULL),
(424, 'Lalmanirhat Sadar', 'লালমনিরহাট সদর', 29, NULL, NULL),
(425, 'Aditmari', 'আদিতমারি', 29, NULL, NULL),
(426, 'Kaliganj', 'কালীগঞ্জ', 29, NULL, NULL),
(427, 'Hatibandha', 'হাতিবান্ধা', 29, NULL, NULL),
(428, 'Patgram', 'পাটগ্রাম', 29, NULL, NULL),
(429, 'Nilphamari Sadar', 'নীলফামারী সদর', 30, NULL, NULL),
(430, 'Saidpur', 'সৈয়দপুর', 30, NULL, NULL),
(431, 'Jaldhaka', 'জলঢাকা', 30, NULL, NULL),
(432, 'Kishoreganj', 'কিশোরগঞ্জ', 30, NULL, NULL),
(433, 'Domar', 'ডোমার', 30, NULL, NULL),
(434, 'Dimla', 'ডিমলা', 30, NULL, NULL),
(435, 'Panchagarh Sadar', 'পঞ্চগড় সদর', 31, NULL, NULL),
(436, 'Debiganj', 'দেবীগঞ্জ', 31, NULL, NULL),
(437, 'Boda', 'বোদা', 31, NULL, NULL),
(438, 'Atwari', 'আটোয়ারি', 31, NULL, NULL),
(439, 'Tetulia', 'তেতুলিয়া', 31, NULL, NULL),
(440, 'Badarganj', 'বদরগঞ্জ', 32, NULL, NULL),
(441, 'Mithapukur', 'মিঠাপুকুর', 32, NULL, NULL),
(442, 'Gangachara', 'গঙ্গাচরা', 32, NULL, NULL),
(443, 'Kaunia', 'কাউনিয়া', 32, NULL, NULL),
(444, 'Rangpur Sadar', 'রংপুর সদর', 32, NULL, NULL),
(445, 'Pirgachha', 'পীরগাছা', 32, NULL, NULL),
(446, 'Pirganj', 'পীরগঞ্জ', 32, NULL, NULL),
(447, 'Taraganj', 'তারাগঞ্জ', 32, NULL, NULL),
(448, 'Thakurgaon Sadar', 'ঠাকুরগাঁও সদর', 33, NULL, NULL),
(449, 'Pirganj', 'পীরগঞ্জ', 33, NULL, NULL),
(450, 'Baliadangi', 'বালিয়াডাঙ্গি', 33, NULL, NULL),
(451, 'Haripur', 'হরিপুর', 33, NULL, NULL),
(452, 'Ranisankail', 'রাণীসংকইল', 33, NULL, NULL),
(453, 'Ajmiriganj', 'আজমিরিগঞ্জ', 51, NULL, NULL),
(454, 'Baniachang', 'বানিয়াচং', 51, NULL, NULL),
(455, 'Bahubal', 'বাহুবল', 51, NULL, NULL),
(456, 'Chunarughat', 'চুনারুঘাট', 51, NULL, NULL),
(457, 'Habiganj Sadar', 'হবিগঞ্জ সদর', 51, NULL, NULL),
(458, 'Lakhai', 'লাক্ষাই', 51, NULL, NULL),
(459, 'Madhabpur', 'মাধবপুর', 51, NULL, NULL),
(460, 'Nabiganj', 'নবীগঞ্জ', 51, NULL, NULL),
(461, 'Shaistagonj', 'শায়েস্তাগঞ্জ', 51, NULL, NULL),
(462, 'Moulvibazar Sadar', 'মৌলভীবাজার', 52, NULL, NULL),
(463, 'Barlekha', 'বড়লেখা', 52, NULL, NULL),
(464, 'Juri', 'জুড়ি', 52, NULL, NULL),
(465, 'Kamalganj', 'কামালগঞ্জ', 52, NULL, NULL),
(466, 'Kulaura', 'কুলাউরা', 52, NULL, NULL),
(467, 'Rajnagar', 'রাজনগর', 52, NULL, NULL),
(468, 'Sreemangal', 'শ্রীমঙ্গল', 52, NULL, NULL),
(469, 'Bishwamvarpur', 'বিসশম্ভারপুর', 53, NULL, NULL),
(470, 'Chhatak', 'ছাতক', 53, NULL, NULL),
(471, 'Derai', 'দেড়াই', 53, NULL, NULL),
(472, 'Dharampasha', 'ধরমপাশা', 53, NULL, NULL),
(473, 'Dowarabazar', 'দোয়ারাবাজার', 53, NULL, NULL),
(474, 'Jagannathpur', 'জগন্নাথপুর', 53, NULL, NULL),
(475, 'Jamalganj', 'জামালগঞ্জ', 53, NULL, NULL),
(476, 'Sulla', 'সুল্লা', 53, NULL, NULL),
(477, 'Sunamganj Sadar', 'সুনামগঞ্জ সদর', 53, NULL, NULL),
(478, 'Shanthiganj', 'শান্তিগঞ্জ', 53, NULL, NULL),
(479, 'Tahirpur', 'তাহিরপুর', 53, NULL, NULL),
(480, 'Sylhet Sadar', 'সিলেট সদর', 54, NULL, NULL),
(481, 'Beanibazar', 'বেয়ানিবাজার', 54, NULL, NULL),
(482, 'Bishwanath', 'বিশ্বনাথ', 54, NULL, NULL),
(483, 'Dakshin Surma', 'দক্ষিণ সুরমা', 54, NULL, NULL),
(484, 'Balaganj', 'বালাগঞ্জ', 54, NULL, NULL),
(485, 'Companiganj', 'কোম্পানিগঞ্জ', 54, NULL, NULL),
(486, 'Fenchuganj', 'ফেঞ্চুগঞ্জ', 54, NULL, NULL),
(487, 'Golapganj', 'গোলাপগঞ্জ', 54, NULL, NULL),
(488, 'Gowainghat', 'গোয়াইনঘাট', 54, NULL, NULL),
(489, 'Jaintiapur', 'জয়ন্তপুর', 54, NULL, NULL),
(490, 'Kanaighat', 'কানাইঘাট', 54, NULL, NULL),
(491, 'Zakiganj', 'জাকিগঞ্জ', 54, NULL, NULL),
(492, 'Nobigonj', 'নবীগঞ্জ', 54, NULL, NULL);

-- --------------------------------------------------------

--
-- Dumping data for table `postcodes`
--

INSERT INTO `postcodes` (`id`, `postCode`, `upazila`, `postOffice`, `division_id`, `district_id`, `created_at`, `updated_at`) VALUES
(1, '8710', 'Amtali', 'Amtali', 1, 34, NULL, NULL),
(2, '8730', 'Bamna', 'Bamna', 1, 34, NULL, NULL),
(3, '8700', 'Barguna Sadar', 'Barguna Sadar', 1, 34, NULL, NULL),
(4, '8701', 'Barguna Sadar', 'Nali Bandar', 1, 34, NULL, NULL),
(5, '8740', 'Betagi', 'Betagi', 1, 34, NULL, NULL),
(6, '8741', 'Betagi', 'Darul Ulam', 1, 34, NULL, NULL),
(7, '8721', 'Patharghata', 'Kakchira', 1, 34, NULL, NULL),
(8, '8720', 'Patharghata', 'Patharghata', 1, 34, NULL, NULL),
(9, '8240', 'Agailzhara', 'Agailzhara', 1, 35, NULL, NULL),
(10, '8241', 'Agailzhara', 'Gaila', 1, 35, NULL, NULL),
(11, '8242', 'Agailzhara', 'Paisarhat', 1, 35, NULL, NULL),
(12, '8210', 'Babuganj', 'Babuganj', 1, 35, NULL, NULL),
(13, '8216', 'Babuganj', 'Barisal Cadet', 1, 35, NULL, NULL),
(14, '8212', 'Babuganj', 'Chandpasha', 1, 35, NULL, NULL),
(15, '8213', 'Babuganj', 'Madhabpasha', 1, 35, NULL, NULL),
(16, '8215', 'Babuganj', 'Nizamuddin College', 1, 35, NULL, NULL),
(17, '8211', 'Babuganj', 'Rahamatpur', 1, 35, NULL, NULL),
(18, '8214', 'Babuganj', 'Thakur Mallik', 1, 35, NULL, NULL),
(19, '8260', 'Barajalia', 'Barajalia', 1, 35, NULL, NULL),
(20, '8261', 'Barajalia', 'Osman Manjil', 1, 35, NULL, NULL),
(21, '8200', 'Barisal Sadar', 'Barisal Sadar', 1, 35, NULL, NULL),
(22, '8201', 'Barisal Sadar', 'Bukhainagar', 1, 35, NULL, NULL),
(23, '8206', 'Barisal Sadar', 'Jaguarhat', 1, 35, NULL, NULL),
(24, '8205', 'Barisal Sadar', 'Kashipur', 1, 35, NULL, NULL),
(25, '8204', 'Barisal Sadar', 'Patang', 1, 35, NULL, NULL),
(26, '8202', 'Barisal Sadar', 'Saheberhat', 1, 35, NULL, NULL),
(27, '8203', 'Barisal Sadar', 'Sugandia', 1, 35, NULL, NULL),
(28, '8233', 'Gouranadi', 'Batajor', 1, 35, NULL, NULL),
(29, '8230', 'Gouranadi', 'Gouranadi', 1, 35, NULL, NULL),
(30, '8232', 'Gouranadi', 'Kashemabad', 1, 35, NULL, NULL),
(31, '8231', 'Gouranadi', 'Tarki Bandar', 1, 35, NULL, NULL),
(32, '8274', 'Mahendiganj', 'Langutia', 1, 35, NULL, NULL),
(33, '8271', 'Mahendiganj', 'Laskarpur', 1, 35, NULL, NULL),
(34, '8270', 'Mahendiganj', 'Mahendiganj', 1, 35, NULL, NULL),
(35, '8273', 'Mahendiganj', 'Nalgora', 1, 35, NULL, NULL),
(36, '8272', 'Mahendiganj', 'Ulania', 1, 35, NULL, NULL),
(37, '8252', 'Muladi', 'Charkalekhan', 1, 35, NULL, NULL),
(38, '8251', 'Muladi', 'Kazirchar', 1, 35, NULL, NULL),
(39, '8250', 'Muladi', 'Muladi', 1, 35, NULL, NULL),
(40, '8281', 'Sahebganj', 'Charamandi', 1, 35, NULL, NULL),
(41, '8284', 'Sahebganj', 'kalaskati', 1, 35, NULL, NULL),
(42, '8282', 'Sahebganj', 'Padri Shibpur', 1, 35, NULL, NULL),
(43, '8280', 'Sahebganj', 'Sahebganj', 1, 35, NULL, NULL),
(44, '8283', 'Sahebganj', 'Shialguni', 1, 35, NULL, NULL),
(45, '8223', 'Uzirpur', 'Dakuarhat', 1, 35, NULL, NULL),
(46, '8221', 'Uzirpur', 'Dhamura', 1, 35, NULL, NULL),
(47, '8222', 'Uzirpur', 'Jugirkanda', 1, 35, NULL, NULL),
(48, '8224', 'Uzirpur', 'Shikarpur', 1, 35, NULL, NULL),
(49, '8220', 'Uzirpur', 'Uzirpur', 1, 35, NULL, NULL),
(50, '8300', 'Bhola Sadar', 'Bhola Sadar', 1, 36, NULL, NULL),
(51, '8301', 'Bhola Sadar', 'Joynagar', 1, 36, NULL, NULL),
(52, '8320', 'Borhanuddin UPO', 'Borhanuddin UPO', 1, 36, NULL, NULL),
(53, '8321', 'Borhanuddin UPO', 'Mirzakalu', 1, 36, NULL, NULL),
(54, '8340', 'Charfashion', 'Charfashion', 1, 36, NULL, NULL),
(55, '8341', 'Charfashion', 'Dularhat', 1, 36, NULL, NULL),
(56, '8342', 'Charfashion', 'Keramatganj', 1, 36, NULL, NULL),
(57, '8310', 'Doulatkhan', 'Doulatkhan', 1, 36, NULL, NULL),
(58, '8311', 'Doulatkhan', 'Hajipur', 1, 36, NULL, NULL),
(59, '8360', 'Hajirhat', 'Hajirhat', 1, 36, NULL, NULL),
(60, '8350', 'Hatshoshiganj', 'Hatshoshiganj', 1, 36, NULL, NULL),
(61, '8331', 'Lalmohan UPO', 'Daurihat', 1, 36, NULL, NULL),
(62, '8332', 'Lalmohan UPO', 'Gazaria', 1, 36, NULL, NULL),
(63, '8330', 'Lalmohan UPO', 'Lalmohan UPO', 1, 36, NULL, NULL),
(64, '8402', 'Jhalokathi Sadar', 'Baukathi', 1, 37, NULL, NULL),
(65, '8403', 'Jhalokathi Sadar', 'Gabha', 1, 37, NULL, NULL),
(66, '8400', 'Jhalokathi Sadar', 'Jhalokathi Sadar', 1, 37, NULL, NULL),
(67, '8401', 'Jhalokathi Sadar', 'Nabagram', 1, 37, NULL, NULL),
(68, '8404', 'Jhalokathi Sadar', 'Shekherhat', 1, 37, NULL, NULL),
(69, '8431', 'Kathalia', 'Amua', 1, 37, NULL, NULL),
(70, '8430', 'Kathalia', 'Kathalia', 1, 37, NULL, NULL),
(71, '8432', 'Kathalia', 'Niamatee', 1, 37, NULL, NULL),
(72, '8433', 'Kathalia', 'Shoulajalia', 1, 37, NULL, NULL),
(73, '8421', 'Nalchhiti', 'Beerkathi', 1, 37, NULL, NULL),
(74, '8420', 'Nalchhiti', 'Nalchhiti', 1, 37, NULL, NULL),
(75, '8410', 'Rajapur', 'Rajapur', 1, 37, NULL, NULL),
(76, '8621', 'Bauphal', 'Bagabandar', 1, 38, NULL, NULL),
(77, '8620', 'Bauphal', 'Bauphal', 1, 38, NULL, NULL),
(78, '8622', 'Bauphal', 'Birpasha', 1, 38, NULL, NULL),
(79, '8624', 'Bauphal', 'Kalaia', 1, 38, NULL, NULL),
(80, '8623', 'Bauphal', 'Kalishari', 1, 38, NULL, NULL),
(81, '8630', 'Dashmina', 'Dashmina', 1, 38, NULL, NULL),
(82, '8640', 'Galachipa', 'Galachipa', 1, 38, NULL, NULL),
(83, '8641', 'Galachipa', 'Gazipur Bandar', 1, 38, NULL, NULL),
(84, '8650', 'Khepupara', 'Khepupara', 1, 38, NULL, NULL),
(85, '8651', 'Khepupara', 'Mahipur', 1, 38, NULL, NULL),
(86, '8602', 'Patuakhali Sadar', 'Dumkee', 1, 38, NULL, NULL),
(87, '8601', 'Patuakhali Sadar', 'Moukaran', 1, 38, NULL, NULL),
(88, '8600', 'Patuakhali Sadar', 'Patuakhali Sadar', 1, 38, NULL, NULL),
(89, '8603', 'Patuakhali Sadar', 'Rahimabad', 1, 38, NULL, NULL),
(90, '8610', 'Subidkhali', 'Subidkhali', 1, 38, NULL, NULL),
(91, '8530', 'Banaripara', 'Banaripara', 1, 39, NULL, NULL),
(92, '8531', 'Banaripara', 'Chakhar', 1, 39, NULL, NULL),
(93, '8550', 'Bhandaria', 'Bhandaria', 1, 39, NULL, NULL),
(94, '8552', 'Bhandaria', 'Dhaoa', 1, 39, NULL, NULL),
(95, '8551', 'Bhandaria', 'Kanudashkathi', 1, 39, NULL, NULL),
(96, '8513', 'kaukhali', 'Jolagati', 1, 39, NULL, NULL),
(97, '8512', 'kaukhali', 'Joykul', 1, 39, NULL, NULL),
(98, '8510', 'kaukhali', 'Kaukhali', 1, 39, NULL, NULL),
(99, '8511', 'kaukhali', 'Keundia', 1, 39, NULL, NULL),
(100, '8565', 'Mathbaria', 'Betmor Natun Hat', 1, 39, NULL, NULL),
(101, '8563', 'Mathbaria', 'Gulishakhali', 1, 39, NULL, NULL),
(102, '8562', 'Mathbaria', 'Halta', 1, 39, NULL, NULL),
(103, '8560', 'Mathbaria', 'Mathbaria', 1, 39, NULL, NULL),
(104, '8566', 'Mathbaria', 'Shilarganj', 1, 39, NULL, NULL),
(105, '8564', 'Mathbaria', 'Tiarkhali', 1, 39, NULL, NULL),
(106, '8561', 'Mathbaria', 'Tushkhali', 1, 39, NULL, NULL),
(107, '8540', 'Nazirpur', 'Nazirpur', 1, 39, NULL, NULL),
(108, '8541', 'Nazirpur', 'Sriramkathi', 1, 39, NULL, NULL),
(109, '8501', 'Pirojpur Sadar', 'Hularhat', 1, 39, NULL, NULL),
(110, '8502', 'Pirojpur Sadar', 'Parerhat', 1, 39, NULL, NULL),
(111, '8500', 'Pirojpur Sadar', 'Pirojpur Sadar', 1, 39, NULL, NULL),
(112, '8521', 'Swarupkathi', 'Darus Sunnat', 1, 39, NULL, NULL),
(113, '8523', 'Swarupkathi', 'Jalabari', 1, 39, NULL, NULL),
(114, '8522', 'Swarupkathi', 'Kaurikhara', 1, 39, NULL, NULL),
(115, '8520', 'Swarupkathi', 'Swarupkathi', 1, 39, NULL, NULL),
(116, '4650', 'Alikadam', 'Alikadam', 2, 40, NULL, NULL),
(117, '4600', 'Bandarban Sadar', 'Bandarban Sadar', 2, 40, NULL, NULL),
(118, '4660', 'Naikhong', 'Naikhong', 2, 40, NULL, NULL),
(119, '4610', 'Roanchhari', 'Roanchhari', 2, 40, NULL, NULL),
(120, '4620', 'Ruma', 'Ruma', 2, 40, NULL, NULL),
(121, '4641', 'Thanchi', 'Lama', 2, 40, NULL, NULL),
(122, '4630', 'Thanchi', 'Thanchi', 2, 40, NULL, NULL),
(123, '3450', 'Akhaura', 'Akhaura', 2, 41, NULL, NULL),
(124, '3451', 'Akhaura', 'Azampur', 2, 41, NULL, NULL),
(125, '3452', 'Akhaura', 'Gangasagar', 2, 41, NULL, NULL),
(126, '3420', 'Banchharampur', 'Banchharampur', 2, 41, NULL, NULL),
(127, '3402', 'Brahamanbaria Sadar', 'Ashuganj', 2, 41, NULL, NULL),
(128, '3403', 'Brahamanbaria Sadar', 'Ashuganj Share', 2, 41, NULL, NULL),
(129, '3400', 'Brahamanbaria Sadar', 'Brahamanbaria Sadar', 2, 41, NULL, NULL),
(130, '3404', 'Brahamanbaria Sadar', 'Poun', 2, 41, NULL, NULL),
(131, '3401', 'Brahamanbaria Sadar', 'Talshahar', 2, 41, NULL, NULL),
(132, '3462', 'Kasba', 'Chandidar', 2, 41, NULL, NULL),
(133, '3463', 'Kasba', 'Chargachh', 2, 41, NULL, NULL),
(134, '3464', 'Kasba', 'Gopinathpur', 2, 41, NULL, NULL),
(135, '3460', 'Kasba', 'Kasba', 2, 41, NULL, NULL),
(136, '3461', 'Kasba', 'Kuti', 2, 41, NULL, NULL),
(137, '3419', 'Nabinagar', 'Jibanganj', 2, 41, NULL, NULL),
(138, '3417', 'Nabinagar', 'Kaitala', 2, 41, NULL, NULL),
(139, '3411', 'Nabinagar', 'Laubfatehpur', 2, 41, NULL, NULL),
(140, '3410', 'Nabinagar', 'Nabinagar', 2, 41, NULL, NULL),
(141, '3412', 'Nabinagar', 'Rasullabad', 2, 41, NULL, NULL),
(142, '3414', 'Nabinagar', 'Ratanpur', 2, 41, NULL, NULL),
(143, '3418', 'Nabinagar', 'Salimganj', 2, 41, NULL, NULL),
(144, '3415', 'Nabinagar', 'Shahapur', 2, 41, NULL, NULL),
(145, '3413', 'Nabinagar', 'Shamgram', 2, 41, NULL, NULL),
(146, '3441', 'Nasirnagar', 'Fandauk', 2, 41, NULL, NULL),
(147, '3440', 'Nasirnagar', 'Nasirnagar', 2, 41, NULL, NULL),
(148, '3432', 'Sarail', 'Chandura', 2, 41, NULL, NULL),
(149, '3430', 'Sarail', 'Sarial', 2, 41, NULL, NULL),
(150, '3431', 'Sarail', 'Shahbajpur', 2, 41, NULL, NULL),
(151, '3602', 'Chandpur Sadar', 'Baburhat', 2, 42, NULL, NULL),
(152, '3600', 'Chandpur Sadar', 'Chandpur Sadar', 2, 42, NULL, NULL),
(153, '3601', 'Chandpur Sadar', 'Puranbazar', 2, 42, NULL, NULL),
(154, '3603', 'Chandpur Sadar', 'Sahatali', 2, 42, NULL, NULL),
(155, '3651', 'Faridganj', 'Chandra', 2, 42, NULL, NULL),
(156, '3650', 'Faridganj', 'Faridganj', 2, 42, NULL, NULL),
(157, '3653', 'Faridganj', 'Gridkaliandia', 2, 42, NULL, NULL),
(158, '3655', 'Faridganj', 'Islampur Shah Isain', 2, 42, NULL, NULL),
(159, '3654', 'Faridganj', 'Rampurbazar', 2, 42, NULL, NULL),
(160, '3652', 'Faridganj', 'Rupsha', 2, 42, NULL, NULL),
(161, '3611', 'Hajiganj', 'Bolakhal', 2, 42, NULL, NULL),
(162, '3610', 'Hajiganj', 'Hajiganj', 2, 42, NULL, NULL),
(163, '3661', 'Hayemchar', 'Gandamara', 2, 42, NULL, NULL),
(164, '3660', 'Hayemchar', 'Hayemchar', 2, 42, NULL, NULL),
(165, '3630', 'Kachua', 'Kachua', 2, 42, NULL, NULL),
(166, '3631', 'Kachua', 'Pak Shrirampur', 2, 42, NULL, NULL),
(167, '3632', 'Kachua', 'Rahima Nagar', 2, 42, NULL, NULL),
(168, '3633', 'Kachua', 'Shachar', 2, 42, NULL, NULL),
(169, '3642', 'Matlobganj', 'Kalipur', 2, 42, NULL, NULL),
(170, '3640', 'Matlobganj', 'Matlobganj', 2, 42, NULL, NULL),
(171, '3641', 'Matlobganj', 'Mohanpur', 2, 42, NULL, NULL),
(172, '3623', 'Shahrasti', 'Chotoshi', 2, 42, NULL, NULL),
(173, '3624', 'Shahrasti', 'Islamia Madrasha', 2, 42, NULL, NULL),
(174, '3621', 'Shahrasti', 'Khilabazar', 2, 42, NULL, NULL),
(175, '3622', 'Shahrasti', 'Pashchim Kherihar Al', 2, 42, NULL, NULL),
(176, '3620', 'Shahrasti', 'Shahrasti', 2, 42, NULL, NULL),
(177, '4376', 'Anawara', 'Anowara', 2, 43, NULL, NULL),
(178, '4378', 'Anawara', 'Battali', 2, 43, NULL, NULL),
(179, '4377', 'Anawara', 'Paroikora', 2, 43, NULL, NULL),
(180, '4366', 'Boalkhali', 'Boalkhali', 2, 43, NULL, NULL),
(181, '4369', 'Boalkhali', 'Charandwip', 2, 43, NULL, NULL),
(182, '4365', 'Boalkhali', 'Iqbal Park', 2, 43, NULL, NULL),
(183, '4368', 'Boalkhali', 'Kadurkhal', 2, 43, NULL, NULL),
(184, '4363', 'Boalkhali', 'Kanungopara', 2, 43, NULL, NULL),
(185, '4367', 'Boalkhali', 'Sakpura', 2, 43, NULL, NULL),
(186, '4364', 'Boalkhali', 'Saroatoli', 2, 43, NULL, NULL),
(187, '4221', 'Chittagong Sadar', 'Al- Amin Baria Madra', 2, 43, NULL, NULL),
(188, '4211', 'Chittagong Sadar', 'Amin Jute Mills', 2, 43, NULL, NULL),
(189, '4215', 'Chittagong Sadar', 'Anandabazar', 2, 43, NULL, NULL),
(190, '4210', 'Chittagong Sadar', 'Bayezid Bostami', 2, 43, NULL, NULL),
(191, '4212', 'Chittagong Sadar', 'Chandgaon', 2, 43, NULL, NULL),
(192, '4203', 'Chittagong Sadar', 'Chawkbazar', 2, 43, NULL, NULL),
(193, '4220', 'Chittagong Sadar', 'Chitt. Cantonment', 2, 43, NULL, NULL),
(194, '4219', 'Chittagong Sadar', 'Chitt. Customs Acca', 2, 43, NULL, NULL),
(195, '4209', 'Chittagong Sadar', 'Chitt. Politechnic In', 2, 43, NULL, NULL),
(196, '4218', 'Chittagong Sadar', 'Chitt. Sailers Colon', 2, 43, NULL, NULL),
(197, '4205', 'Chittagong Sadar', 'Chittagong Airport', 2, 43, NULL, NULL),
(198, '4100', 'Chittagong Sadar', 'Chittagong Bandar', 2, 43, NULL, NULL),
(199, '4000', 'Chittagong Sadar', 'Chittagong GPO', 2, 43, NULL, NULL),
(200, '4223', 'Chittagong Sadar', 'Export Processing', 2, 43, NULL, NULL),
(201, '4207', 'Chittagong Sadar', 'Firozshah', 2, 43, NULL, NULL),
(202, '4216', 'Chittagong Sadar', 'Halishahar', 2, 43, NULL, NULL),
(203, '4225', 'Chittagong Sadar', 'Halishshar', 2, 43, NULL, NULL),
(204, '4214', 'Chittagong Sadar', 'Jalalabad', 2, 43, NULL, NULL),
(205, '4206', 'Chittagong Sadar', 'Jaldia Merine Accade', 2, 43, NULL, NULL),
(206, '4222', 'Chittagong Sadar', 'Middle Patenga', 2, 43, NULL, NULL),
(207, '4208', 'Chittagong Sadar', 'Mohard', 2, 43, NULL, NULL),
(208, '4226', 'Chittagong Sadar', 'North Halishahar', 2, 43, NULL, NULL),
(209, '4217', 'Chittagong Sadar', 'North Katuli', 2, 43, NULL, NULL),
(210, '4202', 'Chittagong Sadar', 'Pahartoli', 2, 43, NULL, NULL),
(211, '4204', 'Chittagong Sadar', 'Patenga', 2, 43, NULL, NULL),
(212, '4224', 'Chittagong Sadar', 'Rampura TSO', 2, 43, NULL, NULL),
(213, '4213', 'Chittagong Sadar', 'Wazedia', 2, 43, NULL, NULL),
(214, '4383', 'East Joara', 'Barma', 2, 43, NULL, NULL),
(215, '4382', 'East Joara', 'Dohazari', 2, 43, NULL, NULL),
(216, '4380', 'East Joara', 'East Joara', 2, 43, NULL, NULL),
(217, '4381', 'East Joara', 'Gachbaria', 2, 43, NULL, NULL),
(218, '4352', 'Fatikchhari', 'Bhandar Sharif', 2, 43, NULL, NULL),
(219, '4350', 'Fatikchhari', 'Fatikchhari', 2, 43, NULL, NULL),
(220, '4354', 'Fatikchhari', 'Harualchhari', 2, 43, NULL, NULL),
(221, '4353', 'Fatikchhari', 'Najirhat', 2, 43, NULL, NULL),
(222, '4351', 'Fatikchhari', 'Nanupur', 2, 43, NULL, NULL),
(223, '4355', 'Fatikchhari', 'Narayanhat', 2, 43, NULL, NULL),
(224, '4331', 'Hathazari', 'Chitt.University', 2, 43, NULL, NULL),
(225, '4335', 'Hathazari', 'Fatahabad', 2, 43, NULL, NULL),
(226, '4332', 'Hathazari', 'Gorduara', 2, 43, NULL, NULL),
(227, '4330', 'Hathazari', 'Hathazari', 2, 43, NULL, NULL),
(228, '4333', 'Hathazari', 'Katirhat', 2, 43, NULL, NULL),
(229, '4339', 'Hathazari', 'Madrasa', 2, 43, NULL, NULL),
(230, '4334', 'Hathazari', 'Mirzapur', 2, 43, NULL, NULL),
(231, '4337', 'Hathazari', 'Nuralibari', 2, 43, NULL, NULL),
(232, '4338', 'Hathazari', 'Yunus Nagar', 2, 43, NULL, NULL),
(233, '4393', 'Jaldi', 'Banigram', 2, 43, NULL, NULL),
(234, '4392', 'Jaldi', 'Gunagari', 2, 43, NULL, NULL),
(235, '4390', 'Jaldi', 'Jaldi', 2, 43, NULL, NULL),
(236, '4391', 'Jaldi', 'Khan Bahadur', 2, 43, NULL, NULL),
(237, '4398', 'Lohagara', 'Chunti', 2, 43, NULL, NULL),
(238, '4396', 'Lohagara', 'Lohagara', 2, 43, NULL, NULL),
(239, '4397', 'Lohagara', 'Padua', 2, 43, NULL, NULL),
(240, '4321', 'Mirsharai', 'Abutorab', 2, 43, NULL, NULL),
(241, '4325', 'Mirsharai', 'Azampur', 2, 43, NULL, NULL),
(242, '4323', 'Mirsharai', 'Bharawazhat', 2, 43, NULL, NULL),
(243, '4322', 'Mirsharai', 'Darrogahat', 2, 43, NULL, NULL),
(244, '4324', 'Mirsharai', 'Joarganj', 2, 43, NULL, NULL),
(245, '4327', 'Mirsharai', 'Korerhat', 2, 43, NULL, NULL),
(246, '4320', 'Mirsharai', 'Mirsharai', 2, 43, NULL, NULL),
(247, '4328', 'Mirsharai', 'Mohazanhat', 2, 43, NULL, NULL),
(248, '4371', 'Patiya', 'Budhpara', 2, 43, NULL, NULL),
(249, '4370', 'Patiya', 'Patiya Head Office', 2, 43, NULL, NULL),
(250, '4361', 'Rangunia', 'Dhamair', 2, 43, NULL, NULL),
(251, '4360', 'Rangunia', 'Rangunia', 2, 43, NULL, NULL),
(252, '4349', 'Rouzan', 'B.I.T Post Office', 2, 43, NULL, NULL),
(253, '4341', 'Rouzan', 'Beenajuri', 2, 43, NULL, NULL),
(254, '4347', 'Rouzan', 'Dewanpur', 2, 43, NULL, NULL),
(255, '4345', 'Rouzan', 'Fatepur', 2, 43, NULL, NULL),
(256, '4343', 'Rouzan', 'Gahira', 2, 43, NULL, NULL),
(257, '4346', 'Rouzan', 'Guzra Noapara', 2, 43, NULL, NULL),
(258, '4344', 'Rouzan', 'jagannath Hat', 2, 43, NULL, NULL),
(259, '4342', 'Rouzan', 'Kundeshwari', 2, 43, NULL, NULL),
(260, '4348', 'Rouzan', 'Mohamuni', 2, 43, NULL, NULL),
(261, '4340', 'Rouzan', 'Rouzan', 2, 43, NULL, NULL),
(262, '4300', 'Sandwip', 'Sandwip', 2, 43, NULL, NULL),
(263, '4301', 'Sandwip', 'Shiberhat', 2, 43, NULL, NULL),
(264, '4302', 'Sandwip', 'Urirchar', 2, 43, NULL, NULL),
(265, '4387', 'Satkania', 'Baitul Ijjat', 2, 43, NULL, NULL),
(266, '4388', 'Satkania', 'Bazalia', 2, 43, NULL, NULL),
(267, '4386', 'Satkania', 'Satkania', 2, 43, NULL, NULL),
(268, '4312', 'Sitakunda', 'Barabkunda', 2, 43, NULL, NULL),
(269, '4311', 'Sitakunda', 'Baroidhala', 2, 43, NULL, NULL),
(270, '4313', 'Sitakunda', 'Bawashbaria', 2, 43, NULL, NULL),
(271, '4315', 'Sitakunda', 'Bhatiari', 2, 43, NULL, NULL),
(272, '4316', 'Sitakunda', 'Fouzdarhat', 2, 43, NULL, NULL),
(273, '4317', 'Sitakunda', 'Jafrabad', 2, 43, NULL, NULL),
(274, '4314', 'Sitakunda', 'Kumira', 2, 43, NULL, NULL),
(275, '4310', 'Sitakunda', 'Sitakunda', 2, 43, NULL, NULL),
(276, '3560', 'Barura', 'Barura', 2, 44, NULL, NULL),
(277, '3562', 'Barura', 'Murdafarganj', 2, 44, NULL, NULL),
(278, '3561', 'Barura', 'Poyalgachha', 2, 44, NULL, NULL),
(279, '3526', 'Brahmanpara', 'Brahmanpara', 2, 44, NULL, NULL),
(280, '3520', 'Burichang', 'Burichang', 2, 44, NULL, NULL),
(281, '3521', 'Burichang', 'Maynamoti bazar', 2, 44, NULL, NULL),
(282, '3510', 'Chandina', 'Chandia', 2, 44, NULL, NULL),
(283, '3511', 'Chandina', 'Madhaiabazar', 2, 44, NULL, NULL),
(284, '3551', 'Chouddagram', 'Batisa', 2, 44, NULL, NULL),
(285, '3552', 'Chouddagram', 'Chiora', 2, 44, NULL, NULL),
(286, '3550', 'Chouddagram', 'Chouddagram', 2, 44, NULL, NULL),
(287, '3501', 'Comilla Sadar', 'Comilla Contoment', 2, 44, NULL, NULL),
(288, '3500', 'Comilla Sadar', 'Comilla Sadar', 2, 44, NULL, NULL),
(289, '3503', 'Comilla Sadar', 'Courtbari', 2, 44, NULL, NULL),
(290, '3502', 'Comilla Sadar', 'Halimanagar', 2, 44, NULL, NULL),
(291, '3504', 'Comilla Sadar', 'Suaganj', 2, 44, NULL, NULL),
(292, '3518', 'Daudkandi', 'Dashpara', 2, 44, NULL, NULL),
(293, '3516', 'Daudkandi', 'Daudkandi', 2, 44, NULL, NULL),
(294, '3519', 'Daudkandi', 'Eliotganj', 2, 44, NULL, NULL),
(295, '3517', 'Daudkandi', 'Gouripur', 2, 44, NULL, NULL),
(296, '3532', 'Davidhar', 'Barashalghar', 2, 44, NULL, NULL),
(297, '3530', 'Davidhar', 'Davidhar', 2, 44, NULL, NULL),
(298, '3533', 'Davidhar', 'Dhamtee', 2, 44, NULL, NULL),
(299, '3531', 'Davidhar', 'Gangamandal', 2, 44, NULL, NULL),
(300, '3546', 'Homna', 'Homna', 2, 44, NULL, NULL),
(301, '3572', 'Laksam', 'Bipulasar', 2, 44, NULL, NULL),
(302, '3570', 'Laksam', 'Laksam', 2, 44, NULL, NULL),
(303, '3571', 'Laksam', 'Lakshamanpur', 2, 44, NULL, NULL),
(304, '3582', 'Langalkot', 'Chhariabazar', 2, 44, NULL, NULL),
(305, '3581', 'Langalkot', 'Dhalua', 2, 44, NULL, NULL),
(306, '3583', 'Langalkot', 'Gunabati', 2, 44, NULL, NULL),
(307, '3580', 'Langalkot', 'Langalkot', 2, 44, NULL, NULL),
(308, '3543', 'Muradnagar', 'Bangra', 2, 44, NULL, NULL),
(309, '3542', 'Muradnagar', 'Companyganj', 2, 44, NULL, NULL),
(310, '3540', 'Muradnagar', 'Muradnagar', 2, 44, NULL, NULL),
(311, '3545', 'Muradnagar', 'Pantibazar', 2, 44, NULL, NULL),
(312, '3541', 'Muradnagar', 'Ramchandarpur', 2, 44, NULL, NULL),
(313, '3544', 'Muradnagar', 'Sonakanda', 2, 44, NULL, NULL),
(314, '4742', 'Chiringga', 'Badarkali', 2, 45, NULL, NULL),
(315, '4740', 'Chiringga', 'Chiringga', 2, 45, NULL, NULL),
(316, '4741', 'Chiringga', 'Chiringga S.O', 2, 45, NULL, NULL),
(317, '4743', 'Chiringga', 'Malumghat', 2, 45, NULL, NULL),
(318, '4700', 'Coxs Bazar Sadar', 'Coxs Bazar Sadar', 2, 45, NULL, NULL),
(319, '4702', 'Coxs Bazar Sadar', 'Eidga', 2, 45, NULL, NULL),
(320, '4701', 'Coxs Bazar Sadar', 'Zhilanja', 2, 45, NULL, NULL),
(321, '4710', 'Gorakghat', 'Gorakghat', 2, 45, NULL, NULL),
(322, '4720', 'Kutubdia', 'Kutubdia', 2, 45, NULL, NULL),
(323, '4730', 'Ramu', 'Ramu', 2, 45, NULL, NULL),
(324, '4761', 'Teknaf', 'Hnila', 2, 45, NULL, NULL),
(325, '4762', 'Teknaf', 'St.Martin', 2, 45, NULL, NULL),
(326, '4760', 'Teknaf', 'Teknaf', 2, 45, NULL, NULL),
(327, '4750', 'Ukhia', 'Ukhia', 2, 45, NULL, NULL),
(328, '3910', 'Chhagalnaia', 'Chhagalnaia', 2, 46, NULL, NULL),
(329, '3912', 'Chhagalnaia', 'Daraga Hat', 2, 46, NULL, NULL),
(330, '3911', 'Chhagalnaia', 'Maharajganj', 2, 46, NULL, NULL),
(331, '3913', 'Chhagalnaia', 'Puabashimulia', 2, 46, NULL, NULL),
(332, '3922', 'Dagonbhuia', 'Chhilonia', 2, 46, NULL, NULL),
(333, '3920', 'Dagonbhuia', 'Dagondhuia', 2, 46, NULL, NULL),
(334, '3921', 'Dagonbhuia', 'Dudmukha', 2, 46, NULL, NULL),
(335, '3923', 'Dagonbhuia', 'Rajapur', 2, 46, NULL, NULL),
(336, '3901', 'Feni Sadar', 'Fazilpur', 2, 46, NULL, NULL),
(337, '3900', 'Feni Sadar', 'Feni Sadar', 2, 46, NULL, NULL),
(338, '3903', 'Feni Sadar', 'Laskarhat', 2, 46, NULL, NULL),
(339, '3902', 'Feni Sadar', 'Sharshadie', 2, 46, NULL, NULL),
(340, '3942', 'Pashurampur', 'Fulgazi', 2, 46, NULL, NULL),
(341, '3943', 'Pashurampur', 'Munshirhat', 2, 46, NULL, NULL),
(342, '3940', 'Pashurampur', 'Pashurampur', 2, 46, NULL, NULL),
(343, '3941', 'Pashurampur', 'Shuarbazar', 2, 46, NULL, NULL),
(344, '3932', 'Sonagazi', 'Ahmadpur', 2, 46, NULL, NULL),
(345, '3933', 'Sonagazi', 'Kazirhat', 2, 46, NULL, NULL),
(346, '3931', 'Sonagazi', 'Motiganj', 2, 46, NULL, NULL),
(347, '3930', 'Sonagazi', 'Sonagazi', 2, 46, NULL, NULL),
(348, '4420', 'Diginala', 'Diginala', 2, 47, NULL, NULL),
(349, '4400', 'Khagrachari Sadar', 'Khagrachari Sadar', 2, 47, NULL, NULL),
(350, '4470', 'Laxmichhari', 'Laxmichhari', 2, 47, NULL, NULL),
(351, '4430', 'Mahalchhari', 'Mahalchhari', 2, 47, NULL, NULL),
(352, '4460', 'Manikchhari', 'Manikchhari', 2, 47, NULL, NULL),
(353, '4450', 'Matiranga', 'Matiranga', 2, 47, NULL, NULL),
(354, '4410', 'Panchhari', 'Panchhari', 2, 47, NULL, NULL),
(355, '4440', 'Ramghar Head Office', 'Ramghar Head Office', 2, 47, NULL, NULL),
(356, '3730', 'Char Alexgander', 'Char Alexgander', 2, 48, NULL, NULL),
(357, '3731', 'Char Alexgander', 'Hajirghat', 2, 48, NULL, NULL),
(358, '3732', 'Char Alexgander', 'Ramgatirhat', 2, 48, NULL, NULL),
(359, '3709', 'Lakshimpur Sadar', 'Amani Lakshimpur', 2, 48, NULL, NULL),
(360, '3702', 'Lakshimpur Sadar', 'Bhabaniganj', 2, 48, NULL, NULL),
(361, '3708', 'Lakshimpur Sadar', 'Chandraganj', 2, 48, NULL, NULL),
(362, '3707', 'Lakshimpur Sadar', 'Choupalli', 2, 48, NULL, NULL),
(363, '3701', 'Lakshimpur Sadar', 'Dalal Bazar', 2, 48, NULL, NULL),
(364, '3706', 'Lakshimpur Sadar', 'Duttapara', 2, 48, NULL, NULL),
(365, '3704', 'Lakshimpur Sadar', 'Keramatganj', 2, 48, NULL, NULL),
(366, '3700', 'Lakshimpur Sadar', 'Lakshimpur Sadar', 2, 48, NULL, NULL),
(367, '3703', 'Lakshimpur Sadar', 'Mandari', 2, 48, NULL, NULL),
(368, '3705', 'Lakshimpur Sadar', 'Rupchara', 2, 48, NULL, NULL),
(369, '3721', 'Ramganj', 'Alipur', 2, 48, NULL, NULL),
(370, '3725', 'Ramganj', 'Dolta', 2, 48, NULL, NULL),
(371, '3723', 'Ramganj', 'Kanchanpur', 2, 48, NULL, NULL),
(372, '3724', 'Ramganj', 'Naagmud', 2, 48, NULL, NULL),
(373, '3722', 'Ramganj', 'Panpara', 2, 48, NULL, NULL),
(374, '3720', 'Ramganj', 'Ramganj', 2, 48, NULL, NULL),
(375, '3714', 'Raypur', 'Bhuabari', 2, 48, NULL, NULL),
(376, '3713', 'Raypur', 'Haydarganj', 2, 48, NULL, NULL),
(377, '3712', 'Raypur', 'Nagerdighirpar', 2, 48, NULL, NULL),
(378, '3711', 'Raypur', 'Rakhallia', 2, 48, NULL, NULL),
(379, '3710', 'Raypur', 'Raypur', 2, 48, NULL, NULL),
(380, '3850', 'Basurhat', 'Basur Hat', 2, 49, NULL, NULL),
(381, '3851', 'Basurhat', 'Charhajari', 2, 49, NULL, NULL),
(382, '3831', 'Begumganj', 'Alaiarpur', 2, 49, NULL, NULL),
(383, '3847', 'Begumganj', 'Amisha Para', 2, 49, NULL, NULL),
(384, '3822', 'Begumganj', 'Banglabazar', 2, 49, NULL, NULL),
(385, '3824', 'Begumganj', 'Bazra', 2, 49, NULL, NULL),
(386, '3820', 'Begumganj', 'Begumganj', 2, 49, NULL, NULL),
(387, '3837', 'Begumganj', 'Bhabani Jibanpur', 2, 49, NULL, NULL),
(388, '3821', 'Begumganj', 'Choumohani', 2, 49, NULL, NULL),
(389, '3843', 'Begumganj', 'Dauti', 2, 49, NULL, NULL),
(390, '3848', 'Begumganj', 'Durgapur', 2, 49, NULL, NULL),
(391, '3828', 'Begumganj', 'Gopalpur', 2, 49, NULL, NULL),
(392, '3825', 'Begumganj', 'Jamidar Hat', 2, 49, NULL, NULL),
(393, '3844', 'Begumganj', 'Joyag', 2, 49, NULL, NULL),
(394, '3829', 'Begumganj', 'Joynarayanpur', 2, 49, NULL, NULL),
(395, '3833', 'Begumganj', 'Khalafat Bazar', 2, 49, NULL, NULL),
(396, '3842', 'Begumganj', 'Khalishpur', 2, 49, NULL, NULL),
(397, '3838', 'Begumganj', 'Maheshganj', 2, 49, NULL, NULL),
(398, '3823', 'Begumganj', 'Mir Owarishpur', 2, 49, NULL, NULL),
(399, '3839', 'Begumganj', 'Nadona', 2, 49, NULL, NULL),
(400, '3841', 'Begumganj', 'Nandiapara', 2, 49, NULL, NULL),
(401, '3835', 'Begumganj', 'Oachhekpur', 2, 49, NULL, NULL),
(402, '3834', 'Begumganj', 'Rajganj', 2, 49, NULL, NULL),
(403, '3827', 'Begumganj', 'Sonaimuri', 2, 49, NULL, NULL),
(404, '3832', 'Begumganj', 'Tangirpar', 2, 49, NULL, NULL),
(405, '3845', 'Begumganj', 'Thanar Hat', 2, 49, NULL, NULL),
(406, '3879', 'Chatkhil', 'Bansa Bazar', 2, 49, NULL, NULL),
(407, '3873', 'Chatkhil', 'Bodalcourt', 2, 49, NULL, NULL),
(408, '3870', 'Chatkhil', 'Chatkhil', 2, 49, NULL, NULL),
(409, '3878', 'Chatkhil', 'Dosh Gharia', 2, 49, NULL, NULL),
(410, '3877', 'Chatkhil', 'Karihati', 2, 49, NULL, NULL),
(411, '3872', 'Chatkhil', 'Khilpara', 2, 49, NULL, NULL),
(412, '3871', 'Chatkhil', 'Palla', 2, 49, NULL, NULL),
(413, '3874', 'Chatkhil', 'Rezzakpur', 2, 49, NULL, NULL),
(414, '3881', 'Chatkhil', 'Sahapur', 2, 49, NULL, NULL),
(415, '3882', 'Chatkhil', 'Sampara', 2, 49, NULL, NULL),
(416, '3883', 'Chatkhil', 'Shingbahura', 2, 49, NULL, NULL),
(417, '3875', 'Chatkhil', 'Solla', 2, 49, NULL, NULL),
(418, '3891', 'Hatiya', 'Afazia', 2, 49, NULL, NULL),
(419, '3890', 'Hatiya', 'Hatiya', 2, 49, NULL, NULL),
(420, '3892', 'Hatiya', 'Tamoraddi', 2, 49, NULL, NULL),
(421, '3811', 'Noakhali Sadar', 'Chaprashir Hat', 2, 49, NULL, NULL),
(422, '3812', 'Noakhali Sadar', 'Char Jabbar', 2, 49, NULL, NULL),
(423, '3809', 'Noakhali Sadar', 'Charam Tua', 2, 49, NULL, NULL),
(424, '3803', 'Noakhali Sadar', 'Din Monir Hat', 2, 49, NULL, NULL),
(425, '3807', 'Noakhali Sadar', 'Kabirhat', 2, 49, NULL, NULL),
(426, '3808', 'Noakhali Sadar', 'Khalifar Hat', 2, 49, NULL, NULL),
(427, '3806', 'Noakhali Sadar', 'Mriddarhat', 2, 49, NULL, NULL),
(428, '3801', 'Noakhali Sadar', 'Noakhali College', 2, 49, NULL, NULL),
(429, '3800', 'Noakhali Sadar', 'Noakhali Sadar', 2, 49, NULL, NULL),
(430, '3804', 'Noakhali Sadar', 'Pak Kishoreganj', 2, 49, NULL, NULL),
(431, '3802', 'Noakhali Sadar', 'Sonapur', 2, 49, NULL, NULL),
(432, '3862', 'Senbag', 'Beezbag', 2, 49, NULL, NULL),
(433, '3864', 'Senbag', 'Chatarpaia', 2, 49, NULL, NULL),
(434, '3861', 'Senbag', 'Kallyandi', 2, 49, NULL, NULL),
(435, '3863', 'Senbag', 'Kankirhat', 2, 49, NULL, NULL),
(436, '3860', 'Senbag', 'Senbag', 2, 49, NULL, NULL),
(437, '3865', 'Senbag', 'T.P. Lamua', 2, 49, NULL, NULL),
(438, '4570', 'Barakal', 'Barakal', 2, 50, NULL, NULL),
(439, '4550', 'Bilaichhari', 'Bilaichhari', 2, 50, NULL, NULL),
(440, '4560', 'Jarachhari', 'Jarachhari', 2, 50, NULL, NULL),
(441, '4511', 'Kalampati', 'Betbunia', 2, 50, NULL, NULL),
(442, '4510', 'Kalampati', 'Kalampati', 2, 50, NULL, NULL),
(443, '4531', 'kaptai', 'Chandraghona', 2, 50, NULL, NULL),
(444, '4530', 'kaptai', 'Kaptai', 2, 50, NULL, NULL),
(445, '4533', 'kaptai', 'Kaptai Nuton Bazar', 2, 50, NULL, NULL),
(446, '4532', 'kaptai', 'Kaptai Project', 2, 50, NULL, NULL),
(447, '4580', 'Longachh', 'Longachh', 2, 50, NULL, NULL),
(448, '4590', 'Marishya', 'Marishya', 2, 50, NULL, NULL),
(449, '4520', 'Naniachhar', 'Nanichhar', 2, 50, NULL, NULL),
(450, '4540', 'Rajsthali', 'Rajsthali', 2, 50, NULL, NULL),
(451, '4500', 'Rangamati Sadar', 'Rangamati Sadar', 2, 50, NULL, NULL),
(452, '1360', 'Demra', 'Demra', 3, 1, NULL, NULL),
(453, '1362', 'Demra', 'Matuail', 3, 1, NULL, NULL),
(454, '1361', 'Demra', 'Sarulia', 3, 1, NULL, NULL),
(455, '1206', 'Dhaka Cantt.', 'Dhaka CantonmentTSO', 3, 1, NULL, NULL),
(456, '1350', 'Dhamrai', 'Dhamrai', 3, 1, NULL, NULL),
(457, '1351', 'Dhamrai', 'Kamalpur', 3, 1, NULL, NULL),
(458, '1209', 'Dhanmondi', 'Jigatala TSO', 3, 1, NULL, NULL),
(459, '1213', 'Gulshan', 'Banani TSO', 3, 1, NULL, NULL),
(460, '1212', 'Gulshan', 'Gulshan Model Town', 3, 1, NULL, NULL),
(461, '1232', 'Jatrabari', 'Dhania TSO', 3, 1, NULL, NULL),
(462, '1330', 'Joypara', 'Joypara', 3, 1, NULL, NULL),
(463, '1332', 'Joypara', 'Narisha', 3, 1, NULL, NULL),
(464, '1331', 'Joypara', 'Palamganj', 3, 1, NULL, NULL),
(465, '1312', 'Keraniganj', 'Ati', 3, 1, NULL, NULL),
(466, '1311', 'Keraniganj', 'Dhaka Jute Mills', 3, 1, NULL, NULL),
(467, '1313', 'Keraniganj', 'Kalatia', 3, 1, NULL, NULL),
(468, '1310', 'Keraniganj', 'Keraniganj', 3, 1, NULL, NULL),
(469, '1219', 'Khilgaon', 'KhilgaonTSO', 3, 1, NULL, NULL),
(470, '1229', 'Khilkhet', 'KhilkhetTSO', 3, 1, NULL, NULL),
(471, '1211', 'Lalbag', 'Posta TSO', 3, 1, NULL, NULL),
(472, '1216', 'Mirpur', 'Mirpur TSO', 3, 1, NULL, NULL),
(473, '1207', 'Mohammadpur', 'Mohammadpur Housing', 3, 1, NULL, NULL),
(474, '1225', 'Mohammadpur', 'Sangsad BhabanTSO', 3, 1, NULL, NULL),
(475, '1222', 'Motijheel', 'BangabhabanTSO', 3, 1, NULL, NULL),
(476, '1223', 'Motijheel', 'DilkushaTSO', 3, 1, NULL, NULL),
(477, '1323', 'Nawabganj', 'Agla', 3, 1, NULL, NULL),
(478, '1325', 'Nawabganj', 'Churain', 3, 1, NULL, NULL),
(479, '1322', 'Nawabganj', 'Daudpur', 3, 1, NULL, NULL),
(480, '1321', 'Nawabganj', 'Hasnabad', 3, 1, NULL, NULL),
(481, '1324', 'Nawabganj', 'Khalpar', 3, 1, NULL, NULL),
(482, '1320', 'Nawabganj', 'Nawabganj', 3, 1, NULL, NULL),
(483, '1205', 'New market', 'New Market TSO', 3, 1, NULL, NULL),
(484, '1000', 'Palton', 'Dhaka GPO', 3, 1, NULL, NULL),
(485, '1217', 'Ramna', 'Shantinagr TSO', 3, 1, NULL, NULL),
(486, '1214', 'Sabujbag', 'Basabo TSO', 3, 1, NULL, NULL),
(487, '1348', 'Savar', 'Amin Bazar', 3, 1, NULL, NULL),
(488, '1341', 'Savar', 'Dairy Farm', 3, 1, NULL, NULL),
(489, '1349', 'Savar', 'EPZ', 3, 1, NULL, NULL),
(490, '1342', 'Savar', 'Jahangirnagar Univer', 3, 1, NULL, NULL),
(491, '1346', 'Savar', 'Kashem Cotton Mills', 3, 1, NULL, NULL),
(492, '1347', 'Savar', 'Rajphulbaria', 3, 1, NULL, NULL),
(493, '1340', 'Savar', 'Savar', 3, 1, NULL, NULL),
(494, '1344', 'Savar', 'Savar Canttonment', 3, 1, NULL, NULL),
(495, '1343', 'Savar', 'Saver P.A.T.C', 3, 1, NULL, NULL),
(496, '1345', 'Savar', 'Shimulia', 3, 1, NULL, NULL),
(497, '1100', 'Sutrapur', 'Dhaka Sadar HO', 3, 1, NULL, NULL),
(498, '1204', 'Sutrapur', 'Gendaria TSO', 3, 1, NULL, NULL),
(499, '1203', 'Sutrapur', 'Wari TSO', 3, 1, NULL, NULL),
(500, '1215', 'Tejgaon', 'Tejgaon TSO', 3, 1, NULL, NULL),
(501, '1208', 'Tejgaon Industrial Area', 'Dhaka Politechnic', 3, 1, NULL, NULL),
(502, '1230', 'Uttara', 'Uttara Model TwonTSO', 3, 1, NULL, NULL),
(503, '7870', 'Alfadanga', 'Alfadanga', 3, 2, NULL, NULL),
(504, '7830', 'Bhanga', 'Bhanga', 3, 2, NULL, NULL),
(505, '7860', 'Boalmari', 'Boalmari', 3, 2, NULL, NULL),
(506, '7861', 'Boalmari', 'Rupatpat', 3, 2, NULL, NULL),
(507, '7810', 'Charbhadrasan', 'Charbadrashan', 3, 2, NULL, NULL),
(508, '7802', 'Faridpur Sadar', 'Ambikapur', 3, 2, NULL, NULL),
(509, '7803', 'Faridpur Sadar', 'Baitulaman Politecni', 3, 2, NULL, NULL),
(510, '7800', 'Faridpur Sadar', 'Faridpursadar', 3, 2, NULL, NULL),
(511, '7801', 'Faridpur Sadar', 'Kanaipur', 3, 2, NULL, NULL),
(512, '7851', 'Madukhali', 'Kamarkali', 3, 2, NULL, NULL),
(513, '7850', 'Madukhali', 'Madukhali', 3, 2, NULL, NULL),
(514, '7840', 'Nagarkanda', 'Nagarkanda', 3, 2, NULL, NULL),
(515, '7841', 'Nagarkanda', 'Talma', 3, 2, NULL, NULL),
(516, '7822', 'Sadarpur', 'Bishwa jaker Manjil', 3, 2, NULL, NULL),
(517, '7821', 'Sadarpur', 'Hat Krishapur', 3, 2, NULL, NULL),
(518, '7820', 'Sadarpur', 'Sadarpur', 3, 2, NULL, NULL),
(519, '7804', 'Shriangan', 'Shriangan', 3, 2, NULL, NULL),
(520, '1703', 'Gazipur Sadar', 'B.O.F', 3, 3, NULL, NULL),
(521, '1701', 'Gazipur Sadar', 'B.R.R', 3, 3, NULL, NULL),
(522, '1702', 'Gazipur Sadar', 'Chandna', 3, 3, NULL, NULL),
(523, '1700', 'Gazipur Sadar', 'Gazipur Sadar', 3, 3, NULL, NULL),
(524, '1704', 'Gazipur Sadar', 'National University', 3, 3, NULL, NULL),
(525, '1750', 'Kaliakaar', 'Kaliakaar', 3, 3, NULL, NULL),
(526, '1751', 'Kaliakaar', 'Safipur', 3, 3, NULL, NULL),
(527, '1720', 'Kaliganj', 'Kaliganj', 3, 3, NULL, NULL),
(528, '1721', 'Kaliganj', 'Pubail', 3, 3, NULL, NULL),
(529, '1722', 'Kaliganj', 'Santanpara', 3, 3, NULL, NULL),
(530, '1723', 'Kaliganj', 'Vaoal Jamalpur', 3, 3, NULL, NULL),
(531, '1730', 'Kapashia', 'kapashia', 3, 3, NULL, NULL),
(532, '1712', 'Monnunagar', 'Ershad Nagar', 3, 3, NULL, NULL),
(533, '1710', 'Monnunagar', 'Monnunagar', 3, 3, NULL, NULL),
(534, '1711', 'Monnunagar', 'Nishat Nagar', 3, 3, NULL, NULL),
(535, '1743', 'Sreepur', 'Barmi', 3, 3, NULL, NULL),
(536, '1747', 'Sreepur', 'Bashamur', 3, 3, NULL, NULL),
(537, '1748', 'Sreepur', 'Boubi', 3, 3, NULL, NULL),
(538, '1745', 'Sreepur', 'Kawraid', 3, 3, NULL, NULL),
(539, '1744', 'Sreepur', 'Satkhamair', 3, 3, NULL, NULL),
(540, '1740', 'Sreepur', 'Sreepur', 3, 3, NULL, NULL),
(541, '1741', 'Sripur', 'Rajendrapur', 3, 3, NULL, NULL),
(542, '1742', 'Sripur', 'Rajendrapur Canttome', 3, 3, NULL, NULL),
(543, '8102', 'Gopalganj Sadar', 'Barfa', 3, 4, NULL, NULL),
(544, '8013', 'Gopalganj Sadar', 'Chandradighalia', 3, 4, NULL, NULL),
(545, '8100', 'Gopalganj Sadar', 'Gopalganj Sadar', 3, 4, NULL, NULL),
(546, '8101', 'Gopalganj Sadar', 'Ulpur', 3, 4, NULL, NULL),
(547, '8133', 'Kashiani', 'Jonapur', 3, 4, NULL, NULL),
(548, '8130', 'Kashiani', 'Kashiani', 3, 4, NULL, NULL),
(549, '8131', 'Kashiani', 'Ramdia College', 3, 4, NULL, NULL),
(550, '8132', 'Kashiani', 'Ratoil', 3, 4, NULL, NULL),
(551, '8110', 'Kotalipara', 'Kotalipara', 3, 4, NULL, NULL),
(552, '8141', 'Maksudpur', 'Batkiamari', 3, 4, NULL, NULL),
(553, '8142', 'Maksudpur', 'Khandarpara', 3, 4, NULL, NULL),
(554, '8140', 'Maksudpur', 'Maksudpur', 3, 4, NULL, NULL),
(555, '8121', 'Tungipara', 'Patgati', 3, 4, NULL, NULL),
(556, '8120', 'Tungipara', 'Tungipara', 3, 4, NULL, NULL),
(557, '2030', 'Dewangonj', 'Dewangonj', 3, 5, NULL, NULL),
(558, '2031', 'Dewangonj', 'Dewangonj S. Mills', 3, 5, NULL, NULL),
(559, '2021', 'Islampur', 'Durmoot', 3, 5, NULL, NULL),
(560, '2022', 'Islampur', 'Gilabari', 3, 5, NULL, NULL),
(561, '2020', 'Islampur', 'Islampur', 3, 5, NULL, NULL),
(562, '2000', 'Jamalpur', 'Jamalpur', 3, 5, NULL, NULL),
(563, '2001', 'Jamalpur', 'Nandina', 3, 5, NULL, NULL),
(564, '2002', 'Jamalpur', 'Narundi', 3, 5, NULL, NULL),
(565, '2011', 'Malandah', 'Jamalpur', 3, 5, NULL, NULL),
(566, '2013', 'Malandah', 'Mahmoodpur', 3, 5, NULL, NULL),
(567, '2012', 'Malandah', 'Malancha', 3, 5, NULL, NULL),
(568, '2010', 'Malandah', 'Malandah', 3, 5, NULL, NULL),
(569, '2041', 'Mathargonj', 'Balijhuri', 3, 5, NULL, NULL),
(570, '2040', 'Mathargonj', 'Mathargonj', 3, 5, NULL, NULL),
(571, '2052', 'Shorishabari', 'Bausee', 3, 5, NULL, NULL),
(572, '2051', 'Shorishabari', 'Gunerbari', 3, 5, NULL, NULL),
(573, '2053', 'Shorishabari', 'Jagannath Ghat', 3, 5, NULL, NULL),
(574, '2055', 'Shorishabari', 'Jamuna Sar Karkhana', 3, 5, NULL, NULL),
(575, '2054', 'Shorishabari', 'Pingna', 3, 5, NULL, NULL),
(576, '2050', 'Shorishabari', 'Shorishabari', 3, 5, NULL, NULL),
(577, '2336', 'Bajitpur', 'Bajitpur', 3, 6, NULL, NULL),
(578, '2338', 'Bajitpur', 'Laksmipur', 3, 6, NULL, NULL),
(579, '2337', 'Bajitpur', 'Sararchar', 3, 6, NULL, NULL),
(580, '2350', 'Bhairob', 'Bhairab', 3, 6, NULL, NULL),
(581, '2320', 'Hossenpur', 'Hossenpur', 3, 6, NULL, NULL),
(582, '2390', 'Itna', 'Itna', 3, 6, NULL, NULL),
(583, '2310', 'Karimganj', 'Karimganj', 3, 6, NULL, NULL),
(584, '2331', 'Katiadi', 'Gochhihata', 3, 6, NULL, NULL),
(585, '2330', 'Katiadi', 'Katiadi', 3, 6, NULL, NULL),
(586, '2301', 'Kishoreganj Sadar', 'Kishoreganj S.Mills', 3, 6, NULL, NULL),
(587, '2300', 'Kishoreganj Sadar', 'Kishoreganj Sadar', 3, 6, NULL, NULL),
(588, '2302', 'Kishoreganj Sadar', 'Maizhati', 3, 6, NULL, NULL),
(589, '2303', 'Kishoreganj Sadar', 'Nilganj', 3, 6, NULL, NULL),
(590, '2341', 'Kuliarchar', 'Chhoysuti', 3, 6, NULL, NULL),
(591, '2340', 'Kuliarchar', 'Kuliarchar', 3, 6, NULL, NULL),
(592, '2371', 'Mithamoin', 'Abdullahpur', 3, 6, NULL, NULL),
(593, '2370', 'Mithamoin', 'MIthamoin', 3, 6, NULL, NULL),
(594, '2360', 'Nikli', 'Nikli', 3, 6, NULL, NULL),
(595, '2380', 'Ostagram', 'Ostagram', 3, 6, NULL, NULL),
(596, '2326', 'Pakundia', 'Pakundia', 3, 6, NULL, NULL),
(597, '2316', 'Tarial', 'Tarial', 3, 6, NULL, NULL),
(598, '7932', 'Barhamganj', 'Bahadurpur', 3, 7, NULL, NULL),
(599, '7930', 'Barhamganj', 'Barhamganj', 3, 7, NULL, NULL),
(600, '7931', 'Barhamganj', 'Nilaksmibandar', 3, 7, NULL, NULL),
(601, '7933', 'Barhamganj', 'Umedpur', 3, 7, NULL, NULL),
(602, '7920', 'kalkini', 'Kalkini', 3, 7, NULL, NULL),
(603, '7921', 'kalkini', 'Sahabrampur', 3, 7, NULL, NULL),
(604, '7901', 'Madaripur Sadar', 'Charmugria', 3, 7, NULL, NULL),
(605, '7903', 'Madaripur Sadar', 'Habiganj', 3, 7, NULL, NULL),
(606, '7902', 'Madaripur Sadar', 'Kulpaddi', 3, 7, NULL, NULL),
(607, '7900', 'Madaripur Sadar', 'Madaripur Sadar', 3, 7, NULL, NULL),
(608, '7904', 'Madaripur Sadar', 'Mustafapur', 3, 7, NULL, NULL),
(609, '7911', 'Rajoir', 'Khalia', 3, 7, NULL, NULL),
(610, '7910', 'Rajoir', 'Rajoir', 3, 7, NULL, NULL),
(611, '1860', 'Doulatpur', 'Doulatpur', 3, 8, NULL, NULL),
(612, '1840', 'Gheor', 'Gheor', 3, 8, NULL, NULL),
(613, '1831', 'Lechhraganj', 'Jhitka', 3, 8, NULL, NULL),
(614, '1830', 'Lechhraganj', 'Lechhraganj', 3, 8, NULL, NULL),
(615, '1804', 'Manikganj Sadar', 'Barangail', 3, 8, NULL, NULL),
(616, '1802', 'Manikganj Sadar', 'Gorpara', 3, 8, NULL, NULL),
(617, '1803', 'Manikganj Sadar', 'Mahadebpur', 3, 8, NULL, NULL),
(618, '1801', 'Manikganj Sadar', 'Manikganj Bazar', 3, 8, NULL, NULL),
(619, '1800', 'Manikganj Sadar', 'Manikganj Sadar', 3, 8, NULL, NULL),
(620, '1811', 'Saturia', 'Baliati', 3, 8, NULL, NULL),
(621, '1810', 'Saturia', 'Saturia', 3, 8, NULL, NULL),
(622, '1851', 'Shibloya', 'Aricha', 3, 8, NULL, NULL),
(623, '1850', 'Shibloya', 'Shibaloy', 3, 8, NULL, NULL),
(624, '1852', 'Shibloya', 'Tewta', 3, 8, NULL, NULL),
(625, '1853', 'Shibloya', 'Uthli', 3, 8, NULL, NULL),
(626, '1821', 'Singari', 'Baira', 3, 8, NULL, NULL),
(627, '1822', 'Singari', 'joymantop', 3, 8, NULL, NULL),
(628, '1820', 'Singari', 'Singair', 3, 8, NULL, NULL),
(629, '1510', 'Gajaria', 'Gajaria', 3, 9, NULL, NULL),
(630, '1511', 'Gajaria', 'Hossendi', 3, 9, NULL, NULL),
(631, '1512', 'Gajaria', 'Rasulpur', 3, 9, NULL, NULL),
(632, '1334', 'Lohajong', 'Gouragonj', 3, 9, NULL, NULL),
(633, '1534', 'Lohajong', 'Gouragonj', 3, 9, NULL, NULL),
(634, '1532', 'Lohajong', 'Haldia SO', 3, 9, NULL, NULL),
(635, '1333', 'Lohajong', 'Haridia', 3, 9, NULL, NULL),
(636, '1533', 'Lohajong', 'Haridia DESO', 3, 9, NULL, NULL),
(637, '1531', 'Lohajong', 'Korhati', 3, 9, NULL, NULL),
(638, '1530', 'Lohajong', 'Lohajang', 3, 9, NULL, NULL),
(639, '1335', 'Lohajong', 'Madini Mandal', 3, 9, NULL, NULL),
(640, '1535', 'Lohajong', 'Medini Mandal EDSO', 3, 9, NULL, NULL),
(641, '1503', 'Munshiganj Sadar', 'Kathakhali', 3, 9, NULL, NULL),
(642, '1502', 'Munshiganj Sadar', 'Mirkadim', 3, 9, NULL, NULL),
(643, '1500', 'Munshiganj Sadar', 'Munshiganj Sadar', 3, 9, NULL, NULL),
(644, '1501', 'Munshiganj Sadar', 'Rikabibazar', 3, 9, NULL, NULL),
(645, '1542', 'Sirajdikhan', 'Ichapur', 3, 9, NULL, NULL),
(646, '1541', 'Sirajdikhan', 'Kola', 3, 9, NULL, NULL),
(647, '1543', 'Sirajdikhan', 'Malkha Nagar', 3, 9, NULL, NULL),
(648, '1544', 'Sirajdikhan', 'Shekher Nagar', 3, 9, NULL, NULL),
(649, '1540', 'Sirajdikhan', 'Sirajdikhan', 3, 9, NULL, NULL),
(650, '1557', 'Srinagar', 'Baghra', 3, 9, NULL, NULL),
(651, '1551', 'Srinagar', 'Barikhal', 3, 9, NULL, NULL),
(652, '1558', 'Srinagar', 'Bhaggyakul', 3, 9, NULL, NULL),
(653, '1553', 'Srinagar', 'Hashara', 3, 9, NULL, NULL),
(654, '1554', 'Srinagar', 'Kolapara', 3, 9, NULL, NULL),
(655, '1555', 'Srinagar', 'Kumarbhog', 3, 9, NULL, NULL),
(656, '1552', 'Srinagar', 'Mazpara', 3, 9, NULL, NULL),
(657, '1550', 'Srinagar', 'Srinagar', 3, 9, NULL, NULL),
(658, '1556', 'Srinagar', 'Vaggyakul SO', 3, 9, NULL, NULL),
(659, '1523', 'Tangibari', 'Bajrajugini', 3, 9, NULL, NULL),
(660, '1522', 'Tangibari', 'Baligao', 3, 9, NULL, NULL),
(661, '1521', 'Tangibari', 'Betkahat', 3, 9, NULL, NULL),
(662, '1525', 'Tangibari', 'Dighirpar', 3, 9, NULL, NULL),
(663, '1524', 'Tangibari', 'Hasail', 3, 9, NULL, NULL),
(664, '1527', 'Tangibari', 'Pura', 3, 9, NULL, NULL),
(665, '1526', 'Tangibari', 'Pura EDSO', 3, 9, NULL, NULL),
(666, '1520', 'Tangibari', 'Tangibari', 3, 9, NULL, NULL),
(667, '2240', 'Bhaluka', 'Bhaluka', 3, 10, NULL, NULL),
(668, '2216', 'Fulbaria', 'Fulbaria', 3, 10, NULL, NULL),
(669, '2234', 'Gaforgaon', 'Duttarbazar', 3, 10, NULL, NULL),
(670, '2230', 'Gaforgaon', 'Gaforgaon', 3, 10, NULL, NULL),
(671, '2233', 'Gaforgaon', 'Kandipara', 3, 10, NULL, NULL),
(672, '2231', 'Gaforgaon', 'Shibganj', 3, 10, NULL, NULL),
(673, '2232', 'Gaforgaon', 'Usti', 3, 10, NULL, NULL),
(674, '2270', 'Gouripur', 'Gouripur', 3, 10, NULL, NULL),
(675, '2271', 'Gouripur', 'Ramgopalpur', 3, 10, NULL, NULL),
(676, '2261', 'Haluaghat', 'Dhara', 3, 10, NULL, NULL),
(677, '2260', 'Haluaghat', 'Haluaghat', 3, 10, NULL, NULL),
(678, '2262', 'Haluaghat', 'Munshirhat', 3, 10, NULL, NULL),
(679, '2282', 'Isshwargonj', 'Atharabari', 3, 10, NULL, NULL),
(680, '2280', 'Isshwargonj', 'Isshwargonj', 3, 10, NULL, NULL),
(681, '2281', 'Isshwargonj', 'Sohagi', 3, 10, NULL, NULL),
(682, '2210', 'Muktagachha', 'Muktagachha', 3, 10, NULL, NULL),
(683, '2202', 'Mymensingh Sadar', 'Agriculture Universi', 3, 10, NULL, NULL),
(684, '2204', 'Mymensingh Sadar', 'Biddyaganj', 3, 10, NULL, NULL),
(685, '2201', 'Mymensingh Sadar', 'Kawatkhali', 3, 10, NULL, NULL),
(686, '2200', 'Mymensingh Sadar', 'Mymensingh Sadar', 3, 10, NULL, NULL),
(687, '2205', 'Mymensingh Sadar', 'Pearpur', 3, 10, NULL, NULL),
(688, '2203', 'Mymensingh Sadar', 'Shombhuganj', 3, 10, NULL, NULL),
(689, '2291', 'Nandail', 'Gangail', 3, 10, NULL, NULL),
(690, '2290', 'Nandail', 'Nandail', 3, 10, NULL, NULL),
(691, '2251', 'Phulpur', 'Beltia', 3, 10, NULL, NULL),
(692, '2250', 'Phulpur', 'Phulpur', 3, 10, NULL, NULL),
(693, '2252', 'Phulpur', 'Tarakanda', 3, 10, NULL, NULL),
(694, '2221', 'Trishal', 'Ahmadbad', 3, 10, NULL, NULL),
(695, '2223', 'Trishal', 'Dhala', 3, 10, NULL, NULL),
(696, '2222', 'Trishal', 'Ram Amritaganj', 3, 10, NULL, NULL),
(697, '2220', 'Trishal', 'Trishal', 3, 10, NULL, NULL),
(698, '1450', 'Araihazar', 'Araihazar', 3, 11, NULL, NULL),
(699, '1451', 'Araihazar', 'Gopaldi', 3, 11, NULL, NULL),
(700, '1440', 'Baidder Bazar', 'Baidder Bazar', 3, 11, NULL, NULL),
(701, '1441', 'Baidder Bazar', 'Bara Nagar', 3, 11, NULL, NULL),
(702, '1442', 'Baidder Bazar', 'Barodi', 3, 11, NULL, NULL),
(703, '1410', 'Bandar', 'Bandar', 3, 11, NULL, NULL),
(704, '1413', 'Bandar', 'BIDS', 3, 11, NULL, NULL),
(705, '1411', 'Bandar', 'D.C Mills', 3, 11, NULL, NULL),
(706, '1414', 'Bandar', 'Madanganj', 3, 11, NULL, NULL),
(707, '1412', 'Bandar', 'Nabiganj', 3, 11, NULL, NULL),
(708, '1421', 'Fatullah', 'Fatulla Bazar', 3, 11, NULL, NULL),
(709, '1420', 'Fatullah', 'Fatullah', 3, 11, NULL, NULL),
(710, '1400', 'Narayanganj Sadar', 'Narayanganj Sadar', 3, 11, NULL, NULL),
(711, '1462', 'Rupganj', 'Bhulta', 3, 11, NULL, NULL),
(712, '1461', 'Rupganj', 'Kanchan', 3, 11, NULL, NULL),
(713, '1464', 'Rupganj', 'Murapara', 3, 11, NULL, NULL),
(714, '1463', 'Rupganj', 'Nagri', 3, 11, NULL, NULL),
(715, '1460', 'Rupganj', 'Rupganj', 3, 11, NULL, NULL),
(716, '1431', 'Siddirganj', 'Adamjeenagar', 3, 11, NULL, NULL),
(717, '1432', 'Siddirganj', 'LN Mills', 3, 11, NULL, NULL),
(718, '1430', 'Siddirganj', 'Siddirganj', 3, 11, NULL, NULL),
(719, '1640', 'Belabo', 'Belabo', 3, 12, NULL, NULL),
(720, '1651', 'Monohordi', 'Hatirdia', 3, 12, NULL, NULL),
(721, '1652', 'Monohordi', 'Katabaria', 3, 12, NULL, NULL),
(722, '1650', 'Monohordi', 'Monohordi', 3, 12, NULL, NULL),
(723, '1605', 'Narshingdi Sadar', 'Karimpur', 3, 12, NULL, NULL),
(724, '1604', 'Narshingdi Sadar', 'Madhabdi', 3, 12, NULL, NULL),
(725, '1602', 'Narshingdi Sadar', 'Narshingdi College', 3, 12, NULL, NULL),
(726, '1600', 'Narshingdi Sadar', 'Narshingdi Sadar', 3, 12, NULL, NULL),
(727, '1603', 'Narshingdi Sadar', 'Panchdona', 3, 12, NULL, NULL),
(728, '1601', 'Narshingdi Sadar', 'UMC Jute Mills', 3, 12, NULL, NULL),
(729, '1612', 'Palash', 'Char Sindhur', 3, 12, NULL, NULL),
(730, '1613', 'Palash', 'Ghorashal', 3, 12, NULL, NULL),
(731, '1611', 'Palash', 'Ghorashal Urea Facto', 3, 12, NULL, NULL),
(732, '1610', 'Palash', 'Palash', 3, 12, NULL, NULL),
(733, '1631', 'Raypura', 'Bazar Hasnabad', 3, 12, NULL, NULL),
(734, '1632', 'Raypura', 'Radhaganj bazar', 3, 12, NULL, NULL),
(735, '1630', 'Raypura', 'Raypura', 3, 12, NULL, NULL),
(736, '1620', 'Shibpur', 'Shibpur', 3, 12, NULL, NULL),
(737, '2420', 'Susung Durgapur', 'Susnng Durgapur', 3, 13, NULL, NULL),
(738, '2470', 'Atpara', 'Atpara', 3, 13, NULL, NULL),
(739, '2440', 'Barhatta', 'Barhatta', 3, 13, NULL, NULL),
(740, '2450', 'Dharmapasha', 'Dharampasha', 3, 13, NULL, NULL),
(741, '2416', 'Dhobaura', 'Dhobaura', 3, 13, NULL, NULL),
(742, '2417', 'Dhobaura', 'Sakoai', 3, 13, NULL, NULL),
(743, '2430', 'Kalmakanda', 'Kalmakanda', 3, 13, NULL, NULL),
(744, '2480', 'Kendua', 'Kendua', 3, 13, NULL, NULL),
(745, '2460', 'Khaliajuri', 'Khaliajhri', 3, 13, NULL, NULL),
(746, '2462', 'Khaliajuri', 'Shaldigha', 3, 13, NULL, NULL),
(747, '2490', 'Madan', 'Madan', 3, 13, NULL, NULL),
(748, '2456', 'Moddhynagar', 'Moddoynagar', 3, 13, NULL, NULL),
(749, '2446', 'Mohanganj', 'Mohanganj', 3, 13, NULL, NULL),
(750, '2401', 'Netrakona Sadar', 'Baikherhati', 3, 13, NULL, NULL),
(751, '2400', 'Netrakona Sadar', 'Netrakona Sadar', 3, 13, NULL, NULL),
(752, '2412', 'Purbadhola', 'Jaria Jhanjhail', 3, 13, NULL, NULL),
(753, '2410', 'Purbadhola', 'Purbadhola', 3, 13, NULL, NULL),
(754, '2411', 'Purbadhola', 'Shamgonj', 3, 13, NULL, NULL),
(755, '7730', 'Baliakandi', 'Baliakandi', 3, 14, NULL, NULL),
(756, '7731', 'Baliakandi', 'Nalia', 3, 14, NULL, NULL),
(757, '7723', 'Pangsha', 'Mrigibazar', 3, 14, NULL, NULL),
(758, '7720', 'Pangsha', 'Pangsha', 3, 14, NULL, NULL),
(759, '7721', 'Pangsha', 'Ramkol', 3, 14, NULL, NULL),
(760, '7722', 'Pangsha', 'Ratandia', 3, 14, NULL, NULL),
(761, '7710', 'Rajbari Sadar', 'Goalanda', 3, 14, NULL, NULL),
(762, '7711', 'Rajbari Sadar', 'Khankhanapur', 3, 14, NULL, NULL),
(763, '7700', 'Rajbari Sadar', 'Rajbari Sadar', 3, 14, NULL, NULL),
(764, '8030', 'Bhedorganj', 'Bhedorganj', 3, 15, NULL, NULL),
(765, '8040', 'Damudhya', 'Damudhya', 3, 15, NULL, NULL),
(766, '8050', 'Gosairhat', 'Gosairhat', 3, 15, NULL, NULL),
(767, '8010', 'Jajira', 'Jajira', 3, 15, NULL, NULL),
(768, '8021', 'Naria', 'Bhozeshwar', 3, 15, NULL, NULL),
(769, '8022', 'Naria', 'Gharisar', 3, 15, NULL, NULL),
(770, '8024', 'Naria', 'Kartikpur', 3, 15, NULL, NULL),
(771, '8020', 'Naria', 'Naria', 3, 15, NULL, NULL),
(772, '8023', 'Naria', 'Upshi', 3, 15, NULL, NULL),
(773, '8001', 'Shariatpur Sadar', 'Angaria', 3, 15, NULL, NULL),
(774, '8002', 'Shariatpur Sadar', 'Chikandi', 3, 15, NULL, NULL),
(775, '8000', 'Shariatpur Sadar', 'Shariatpur Sadar', 3, 15, NULL, NULL),
(776, '2140', 'Bakshigonj', 'Bakshigonj', 3, 16, NULL, NULL),
(777, '2120', 'Jhinaigati', 'Jhinaigati', 3, 16, NULL, NULL),
(778, '2151', 'Nakla', 'Gonopaddi', 3, 16, NULL, NULL),
(779, '2150', 'Nakla', 'Nakla', 3, 16, NULL, NULL),
(780, '2111', 'Nalitabari', 'Hatibandha', 3, 16, NULL, NULL),
(781, '2110', 'Nalitabari', 'Nalitabari', 3, 16, NULL, NULL),
(782, '2100', 'Sherpur Shadar', 'Sherpur Shadar', 3, 16, NULL, NULL),
(783, '2130', 'Shribardi', 'Shribardi', 3, 16, NULL, NULL),
(784, '1920', 'Basail', 'Basail', 3, 17, NULL, NULL),
(785, '1960', 'Bhuapur', 'Bhuapur', 3, 17, NULL, NULL),
(786, '1910', 'Delduar', 'Delduar', 3, 17, NULL, NULL),
(787, '1913', 'Delduar', 'Elasin', 3, 17, NULL, NULL),
(788, '1914', 'Delduar', 'Hinga Nagar', 3, 17, NULL, NULL),
(789, '1911', 'Delduar', 'Jangalia', 3, 17, NULL, NULL),
(790, '1915', 'Delduar', 'Lowhati', 3, 17, NULL, NULL),
(791, '1912', 'Delduar', 'Patharail', 3, 17, NULL, NULL),
(792, '1982', 'Ghatail', 'D. Pakutia', 3, 17, NULL, NULL),
(793, '1983', 'Ghatail', 'Dhalapara', 3, 17, NULL, NULL),
(794, '1980', 'Ghatail', 'Ghatial', 3, 17, NULL, NULL),
(795, '1984', 'Ghatail', 'Lohani', 3, 17, NULL, NULL),
(796, '1981', 'Ghatail', 'Zahidganj', 3, 17, NULL, NULL),
(797, '1990', 'Gopalpur', 'Gopalpur', 3, 17, NULL, NULL),
(798, '1992', 'Gopalpur', 'Hemnagar', 3, 17, NULL, NULL),
(799, '1991', 'Gopalpur', 'Jhowail', 3, 17, NULL, NULL),
(800, '1973', 'Kalihati', 'Ballabazar', 3, 17, NULL, NULL),
(801, '1974', 'Kalihati', 'Elinga', 3, 17, NULL, NULL),
(802, '1970', 'Kalihati', 'Kalihati', 3, 17, NULL, NULL),
(803, '1977', 'Kalihati', 'Nagarbari', 3, 17, NULL, NULL),
(804, '1976', 'Kalihati', 'Nagarbari SO', 3, 17, NULL, NULL),
(805, '1972', 'Kalihati', 'Nagbari', 3, 17, NULL, NULL),
(806, '1975', 'Kalihati', 'Palisha', 3, 17, NULL, NULL),
(807, '1971', 'Kalihati', 'Rajafair', 3, 17, NULL, NULL),
(808, '1930', 'Kashkaolia', 'Kashkawlia', 3, 17, NULL, NULL),
(809, '1997', 'Madhupur', 'Dhobari', 3, 17, NULL, NULL),
(810, '1996', 'Madhupur', 'Madhupur', 3, 17, NULL, NULL),
(811, '1941', 'Mirzapur', 'Gorai', 3, 17, NULL, NULL),
(812, '1944', 'Mirzapur', 'Jarmuki', 3, 17, NULL, NULL),
(813, '1942', 'Mirzapur', 'M.C. College', 3, 17, NULL, NULL),
(814, '1940', 'Mirzapur', 'Mirzapur', 3, 17, NULL, NULL),
(815, '1945', 'Mirzapur', 'Mohera', 3, 17, NULL, NULL),
(816, '1943', 'Mirzapur', 'Warri paikpara', 3, 17, NULL, NULL),
(817, '1937', 'Nagarpur', 'Dhuburia', 3, 17, NULL, NULL),
(818, '1936', 'Nagarpur', 'Nagarpur', 3, 17, NULL, NULL),
(819, '1938', 'Nagarpur', 'Salimabad', 3, 17, NULL, NULL),
(820, '1951', 'Sakhipur', 'Kochua', 3, 17, NULL, NULL),
(821, '1950', 'Sakhipur', 'Sakhipur', 3, 17, NULL, NULL),
(822, '1901', 'Tangail Sadar', 'Kagmari', 3, 17, NULL, NULL),
(823, '1903', 'Tangail Sadar', 'Korotia', 3, 17, NULL, NULL),
(824, '1904', 'Tangail Sadar', 'Purabari', 3, 17, NULL, NULL),
(825, '1902', 'Tangail Sadar', 'Santosh', 3, 17, NULL, NULL),
(826, '1900', 'Tangail Sadar', 'Tangail Sadar', 3, 17, NULL, NULL),
(827, '9300', 'Bagerhat Sadar', 'Bagerhat Sadar', 4, 55, NULL, NULL),
(828, '9301', 'Bagerhat Sadar', 'P.C College', 4, 55, NULL, NULL),
(829, '9302', 'Bagerhat Sadar', 'Rangdia', 4, 55, NULL, NULL),
(830, '9350', 'Chalna Ankorage', 'Chalna Ankorage', 4, 55, NULL, NULL),
(831, '9351', 'Chalna Ankorage', 'Mongla Port', 4, 55, NULL, NULL),
(832, '9361', 'Chitalmari', 'Barabaria', 4, 55, NULL, NULL),
(833, '9360', 'Chitalmari', 'Chitalmari', 4, 55, NULL, NULL),
(834, '9372', 'Fakirhat', 'Bhanganpar Bazar', 4, 55, NULL, NULL),
(835, '9370', 'Fakirhat', 'Fakirhat', 4, 55, NULL, NULL),
(836, '9371', 'Fakirhat', 'Mansa', 4, 55, NULL, NULL),
(837, '9310', 'Kachua UPO', 'Kachua', 4, 55, NULL, NULL),
(838, '9311', 'Kachua UPO', 'Sonarkola', 4, 55, NULL, NULL),
(839, '9383', 'Mollahat', 'Charkulia', 4, 55, NULL, NULL),
(840, '9382', 'Mollahat', 'Dariala', 4, 55, NULL, NULL),
(841, '9381', 'Mollahat', 'Kahalpur', 4, 55, NULL, NULL),
(842, '9380', 'Mollahat', 'Mollahat', 4, 55, NULL, NULL),
(843, '9384', 'Mollahat', 'Nagarkandi', 4, 55, NULL, NULL),
(844, '9385', 'Mollahat', 'Pak Gangni', 4, 55, NULL, NULL),
(845, '9320', 'Morelganj', 'Morelganj', 4, 55, NULL, NULL),
(846, '9321', 'Morelganj', 'Sannasi Bazar', 4, 55, NULL, NULL),
(847, '9322', 'Morelganj', 'Telisatee', 4, 55, NULL, NULL),
(848, '9341', 'Rampal', 'Foylahat', 4, 55, NULL, NULL),
(849, '9343', 'Rampal', 'Gourambha', 4, 55, NULL, NULL);
INSERT INTO `postcodes` (`id`, `postCode`, `upazila`, `postOffice`, `division_id`, `district_id`, `created_at`, `updated_at`) VALUES
(850, '9340', 'Rampal', 'Rampal', 4, 55, NULL, NULL),
(851, '9342', 'Rampal', 'Sonatunia', 4, 55, NULL, NULL),
(852, '9330', 'Rayenda', 'Rayenda', 4, 55, NULL, NULL),
(853, '7210', 'Alamdanga', 'Alamdanga', 4, 56, NULL, NULL),
(854, '7211', 'Alamdanga', 'Hardi', 4, 56, NULL, NULL),
(855, '7200', 'Chuadanga Sadar', 'Chuadanga Sadar', 4, 56, NULL, NULL),
(856, '7201', 'Chuadanga Sadar', 'Munshiganj', 4, 56, NULL, NULL),
(857, '7222', 'Damurhuda', 'Andulbaria', 4, 56, NULL, NULL),
(858, '7220', 'Damurhuda', 'Damurhuda', 4, 56, NULL, NULL),
(859, '7221', 'Damurhuda', 'Darshana', 4, 56, NULL, NULL),
(860, '7230', 'Doulatganj', 'Doulatganj', 4, 56, NULL, NULL),
(861, '7470', 'Bagharpara', 'Bagharpara', 4, 57, NULL, NULL),
(862, '7471', 'Bagharpara', 'Gouranagar', 4, 57, NULL, NULL),
(863, '7410', 'Chaugachha', 'Chougachha', 4, 57, NULL, NULL),
(864, '7406', 'Jessore Sadar', 'Basundia', 4, 57, NULL, NULL),
(865, '7402', 'Jessore Sadar', 'Chanchra', 4, 57, NULL, NULL),
(866, '7407', 'Jessore Sadar', 'Churamankathi', 4, 57, NULL, NULL),
(867, '7404', 'Jessore Sadar', 'Jessore Airbach', 4, 57, NULL, NULL),
(868, '7403', 'Jessore Sadar', 'Jessore canttonment', 4, 57, NULL, NULL),
(869, '7400', 'Jessore Sadar', 'Jessore Sadar', 4, 57, NULL, NULL),
(870, '7401', 'Jessore Sadar', 'Jessore Upa-Shahar', 4, 57, NULL, NULL),
(871, '7405', 'Jessore Sadar', 'Rupdia', 4, 57, NULL, NULL),
(872, '7420', 'Jhikargachha', 'Jhikargachha', 4, 57, NULL, NULL),
(873, '7450', 'Keshabpur', 'Keshobpur', 4, 57, NULL, NULL),
(874, '7440', 'Monirampur', 'Monirampur', 4, 57, NULL, NULL),
(875, '7462', 'Noapara', 'Bhugilhat', 4, 57, NULL, NULL),
(876, '7460', 'Noapara', 'Noapara', 4, 57, NULL, NULL),
(877, '7461', 'Noapara', 'Rajghat', 4, 57, NULL, NULL),
(878, '7433', 'Sarsa', 'Bag Achra', 4, 57, NULL, NULL),
(879, '7431', 'Sarsa', 'Benapole', 4, 57, NULL, NULL),
(880, '7432', 'Sarsa', 'Jadabpur', 4, 57, NULL, NULL),
(881, '7430', 'Sarsa', 'Sarsa', 4, 57, NULL, NULL),
(882, '7310', 'Harinakundu', 'Harinakundu', 4, 58, NULL, NULL),
(883, '7301', 'Jinaidaha Sadar', 'Jinaidaha Cadet College', 4, 58, NULL, NULL),
(884, '7300', 'Jinaidaha Sadar', 'Jinaidaha Sadar', 4, 58, NULL, NULL),
(885, '7330', 'Kotchandpur', 'Kotchandpur', 4, 58, NULL, NULL),
(886, '7340', 'Maheshpur', 'Maheshpur', 4, 58, NULL, NULL),
(887, '7351', 'Naldanga', 'Hatbar Bazar', 4, 58, NULL, NULL),
(888, '7350', 'Naldanga', 'Naldanga', 4, 58, NULL, NULL),
(889, '7321', 'Shailakupa', 'Kumiradaha', 4, 58, NULL, NULL),
(890, '7320', 'Shailakupa', 'Shailakupa', 4, 58, NULL, NULL),
(891, '9240', 'Alaipur', 'Alaipur', 4, 59, NULL, NULL),
(892, '9242', 'Alaipur', 'Belphulia', 4, 59, NULL, NULL),
(893, '9241', 'Alaipur', 'Rupsha', 4, 59, NULL, NULL),
(894, '9260', 'Batiaghat', 'Batiaghat', 4, 59, NULL, NULL),
(895, '9261', 'Batiaghat', 'Surkalee', 4, 59, NULL, NULL),
(896, '9272', 'Chalna Bazar', 'Bajua', 4, 59, NULL, NULL),
(897, '9270', 'Chalna Bazar', 'Chalna Bazar', 4, 59, NULL, NULL),
(898, '9271', 'Chalna Bazar', 'Dakup', 4, 59, NULL, NULL),
(899, '9273', 'Chalna Bazar', 'Nalian', 4, 59, NULL, NULL),
(900, '9221', 'Digalia', 'Chandni Mahal', 4, 59, NULL, NULL),
(901, '9220', 'Digalia', 'Digalia', 4, 59, NULL, NULL),
(902, '9224', 'Digalia', 'Gazirhat', 4, 59, NULL, NULL),
(903, '9223', 'Digalia', 'Ghoshghati', 4, 59, NULL, NULL),
(904, '9222', 'Digalia', 'Senhati', 4, 59, NULL, NULL),
(905, '9207', 'Khulna Sadar', 'Atra Shilpa Area', 4, 59, NULL, NULL),
(906, '9203', 'Khulna Sadar', 'BIT Khulna', 4, 59, NULL, NULL),
(907, '9202', 'Khulna Sadar', 'Doulatpur', 4, 59, NULL, NULL),
(908, '9205', 'Khulna Sadar', 'Jahanabad Canttonmen', 4, 59, NULL, NULL),
(909, '9100', 'Khulna Sadar', 'Khula Sadar', 4, 59, NULL, NULL),
(910, '9000', 'Khulna Sadar', 'Khulna G.P.O', 4, 59, NULL, NULL),
(911, '9201', 'Khulna Sadar', 'Khulna Shipyard', 4, 59, NULL, NULL),
(912, '9208', 'Khulna Sadar', 'Khulna University', 4, 59, NULL, NULL),
(913, '9204', 'Khulna Sadar', 'Siramani', 4, 59, NULL, NULL),
(914, '9206', 'Khulna Sadar', 'Sonali Jute Mills', 4, 59, NULL, NULL),
(915, '9291', 'Madinabad', 'Amadee', 4, 59, NULL, NULL),
(916, '9290', 'Madinabad', 'Madinabad', 4, 59, NULL, NULL),
(917, '9284', 'Paikgachha', 'Chandkhali', 4, 59, NULL, NULL),
(918, '9285', 'Paikgachha', 'Garaikhali', 4, 59, NULL, NULL),
(919, '9281', 'Paikgachha', 'Godaipur', 4, 59, NULL, NULL),
(920, '9282', 'Paikgachha', 'Kapilmoni', 4, 59, NULL, NULL),
(921, '9283', 'Paikgachha', 'Katipara', 4, 59, NULL, NULL),
(922, '9280', 'Paikgachha', 'Paikgachha', 4, 59, NULL, NULL),
(923, '9210', 'Phultala', 'Phultala', 4, 59, NULL, NULL),
(924, '9252', 'Sajiara', 'Chuknagar', 4, 59, NULL, NULL),
(925, '9251', 'Sajiara', 'Ghonabanda', 4, 59, NULL, NULL),
(926, '9250', 'Sajiara', 'Sajiara', 4, 59, NULL, NULL),
(927, '9253', 'Sajiara', 'Shahapur', 4, 59, NULL, NULL),
(928, '9231', 'Terakhada', 'Pak Barasat', 4, 59, NULL, NULL),
(929, '9230', 'Terakhada', 'Terakhada', 4, 59, NULL, NULL),
(930, '7042', 'Bheramara', 'Allardarga', 4, 60, NULL, NULL),
(931, '7040', 'Bheramara', 'Bheramara', 4, 60, NULL, NULL),
(932, '7041', 'Bheramara', 'Ganges Bheramara', 4, 60, NULL, NULL),
(933, '7020', 'Janipur', 'Janipur', 4, 60, NULL, NULL),
(934, '7021', 'Janipur', 'Khoksa', 4, 60, NULL, NULL),
(935, '7010', 'Kumarkhali', 'Kumarkhali', 4, 60, NULL, NULL),
(936, '7011', 'Kumarkhali', 'Panti', 4, 60, NULL, NULL),
(937, '7003', 'Kustia Sadar', 'Islami University', 4, 60, NULL, NULL),
(938, '7002', 'Kustia Sadar', 'Jagati', 4, 60, NULL, NULL),
(939, '7001', 'Kustia Sadar', 'Kushtia Mohini', 4, 60, NULL, NULL),
(940, '7000', 'Kustia Sadar', 'Kustia Sadar', 4, 60, NULL, NULL),
(941, '7032', 'Mirpur', 'Amla Sadarpur', 4, 60, NULL, NULL),
(942, '7030', 'Mirpur', 'Mirpur', 4, 60, NULL, NULL),
(943, '7031', 'Mirpur', 'Poradaha', 4, 60, NULL, NULL),
(944, '7052', 'Rafayetpur', 'Khasmathurapur', 4, 60, NULL, NULL),
(945, '7050', 'Rafayetpur', 'Rafayetpur', 4, 60, NULL, NULL),
(946, '7051', 'Rafayetpur', 'Taragunia', 4, 60, NULL, NULL),
(947, '7620', 'Arpara', 'Arpara', 4, 61, NULL, NULL),
(948, '7600', 'Magura Sadar', 'Magura Sadar', 4, 61, NULL, NULL),
(949, '7631', 'Mohammadpur', 'Binodpur', 4, 61, NULL, NULL),
(950, '7630', 'Mohammadpur', 'Mohammadpur', 4, 61, NULL, NULL),
(951, '7632', 'Mohammadpur', 'Nahata', 4, 61, NULL, NULL),
(952, '7611', 'Shripur', 'Langalbadh', 4, 61, NULL, NULL),
(953, '7612', 'Shripur', 'Nachol', 4, 61, NULL, NULL),
(954, '7610', 'Shripur', 'Shripur', 4, 61, NULL, NULL),
(955, '7110', 'Gangni', 'Gangni', 4, 62, NULL, NULL),
(956, '7101', 'Meherpur Sadar', 'Amjhupi', 4, 62, NULL, NULL),
(957, '7152', 'Meherpur Sadar', 'Amjhupi', 4, 62, NULL, NULL),
(958, '7100', 'Meherpur Sadar', 'Meherpur Sadar', 4, 62, NULL, NULL),
(959, '7102', 'Meherpur Sadar', 'Mujib Nagar Complex', 4, 62, NULL, NULL),
(960, '7520', 'Kalia', 'Kalia', 4, 63, NULL, NULL),
(961, '7514', 'Laxmipasha', 'Baradia', 4, 63, NULL, NULL),
(962, '7512', 'Laxmipasha', 'Itna', 4, 63, NULL, NULL),
(963, '7510', 'Laxmipasha', 'Laxmipasha', 4, 63, NULL, NULL),
(964, '7511', 'Laxmipasha', 'Lohagora', 4, 63, NULL, NULL),
(965, '7513', 'Laxmipasha', 'Naldi', 4, 63, NULL, NULL),
(966, '7521', 'Mohajan', 'Mohajan', 4, 63, NULL, NULL),
(967, '7500', 'Narail Sadar', 'Narail Sadar', 4, 63, NULL, NULL),
(968, '7501', 'Narail Sadar', 'Ratanganj', 4, 63, NULL, NULL),
(969, '9460', 'Ashashuni', 'Ashashuni', 4, 64, NULL, NULL),
(970, '9461', 'Ashashuni', 'Baradal', 4, 64, NULL, NULL),
(971, '9430', 'Debbhata', 'Debbhata', 4, 64, NULL, NULL),
(972, '9431', 'Debbhata', 'Gurugram', 4, 64, NULL, NULL),
(973, '9415', 'kalaroa', 'Chandanpur', 4, 64, NULL, NULL),
(974, '9413', 'kalaroa', 'Hamidpur', 4, 64, NULL, NULL),
(975, '9412', 'kalaroa', 'Jhaudanga', 4, 64, NULL, NULL),
(976, '9410', 'kalaroa', 'kalaroa', 4, 64, NULL, NULL),
(977, '9414', 'kalaroa', 'Khordo', 4, 64, NULL, NULL),
(978, '9411', 'kalaroa', 'Murarikati', 4, 64, NULL, NULL),
(979, '9440', 'Kaliganj UPO', 'Kaliganj UPO', 4, 64, NULL, NULL),
(980, '9441', 'Kaliganj UPO', 'Nalta Mubaroknagar', 4, 64, NULL, NULL),
(981, '9442', 'Kaliganj UPO', 'Ratanpur', 4, 64, NULL, NULL),
(982, '9453', 'Nakipur', 'Buri Goalini', 4, 64, NULL, NULL),
(983, '9454', 'Nakipur', 'Gabura', 4, 64, NULL, NULL),
(984, '9455', 'Nakipur', 'Habinagar', 4, 64, NULL, NULL),
(985, '9450', 'Nakipur', 'Nakipur', 4, 64, NULL, NULL),
(986, '9452', 'Nakipur', 'Naobeki', 4, 64, NULL, NULL),
(987, '9451', 'Nakipur', 'Noornagar', 4, 64, NULL, NULL),
(988, '9403', 'Satkhira Sadar', 'Budhhat', 4, 64, NULL, NULL),
(989, '9402', 'Satkhira Sadar', 'Gunakar kati', 4, 64, NULL, NULL),
(990, '9401', 'Satkhira Sadar', 'Satkhira Islamia Acc', 4, 64, NULL, NULL),
(991, '9400', 'Satkhira Sadar', 'Satkhira Sadar', 4, 64, NULL, NULL),
(992, '9421', 'Taala', 'Patkelghata', 4, 64, NULL, NULL),
(993, '9420', 'Taala', 'Taala', 4, 64, NULL, NULL),
(994, '5890', 'Alamdighi', 'Adamdighi', 5, 18, NULL, NULL),
(995, '5892', 'Alamdighi', 'Nasharatpur', 5, 18, NULL, NULL),
(996, '5891', 'Alamdighi', 'Santahar', 5, 18, NULL, NULL),
(997, '5801', 'Bogra Sadar', 'Bogra Canttonment', 5, 18, NULL, NULL),
(998, '5800', 'Bogra Sadar', 'Bogra Sadar', 5, 18, NULL, NULL),
(999, '5850', 'Dhunat', 'Dhunat', 5, 18, NULL, NULL),
(1000, '5851', 'Dhunat', 'Gosaibari', 5, 18, NULL, NULL),
(1001, '5880', 'Dupchachia', 'Dupchachia', 5, 18, NULL, NULL),
(1002, '5881', 'Dupchachia', 'Talora', 5, 18, NULL, NULL),
(1003, '5820', 'Gabtoli', 'Gabtoli', 5, 18, NULL, NULL),
(1004, '5821', 'Gabtoli', 'Sukhanpukur', 5, 18, NULL, NULL),
(1005, '5870', 'Kahalu', 'Kahalu', 5, 18, NULL, NULL),
(1006, '5860', 'Nandigram', 'Nandigram', 5, 18, NULL, NULL),
(1007, '5831', 'Sariakandi', 'Chandan Baisha', 5, 18, NULL, NULL),
(1008, '5830', 'Sariakandi', 'Sariakandi', 5, 18, NULL, NULL),
(1009, '5841', 'Sherpur', 'Chandaikona', 5, 18, NULL, NULL),
(1010, '5842', 'Sherpur', 'Palli Unnyan Accadem', 5, 18, NULL, NULL),
(1011, '5840', 'Sherpur', 'Sherpur', 5, 18, NULL, NULL),
(1012, '5810', 'Shibganj', 'Shibganj', 5, 18, NULL, NULL),
(1013, '5826', 'Sonatola', 'Sonatola', 5, 18, NULL, NULL),
(1014, '6330', 'Bholahat', 'Bholahat', 5, 22, NULL, NULL),
(1015, '6303', 'Chapinawabganj Sadar', 'Amnura', 5, 22, NULL, NULL),
(1016, '6300', 'Chapinawabganj Sadar', 'Chapinawbganj Sadar', 5, 22, NULL, NULL),
(1017, '6301', 'Chapinawabganj Sadar', 'Rajarampur', 5, 22, NULL, NULL),
(1018, '6302', 'Chapinawabganj Sadar', 'Ramchandrapur', 5, 22, NULL, NULL),
(1019, '6311', 'Nachol', 'Mandumala', 5, 22, NULL, NULL),
(1020, '6310', 'Nachol', 'Nachol', 5, 22, NULL, NULL),
(1021, '6321', 'Rohanpur', 'Gomashtapur', 5, 22, NULL, NULL),
(1022, '6320', 'Rohanpur', 'Rohanpur', 5, 22, NULL, NULL),
(1023, '6341', 'Shibganj U.P.O', 'Kansart', 5, 22, NULL, NULL),
(1024, '6342', 'Shibganj U.P.O', 'Manaksha', 5, 22, NULL, NULL),
(1025, '6340', 'Shibganj U.P.O', 'Shibganj U.P.O', 5, 22, NULL, NULL),
(1026, '5940', 'Akkelpur', 'Akklepur', 5, 19, NULL, NULL),
(1027, '5941', 'Akkelpur', 'jamalganj', 5, 19, NULL, NULL),
(1028, '5942', 'Akkelpur', 'Tilakpur', 5, 19, NULL, NULL),
(1029, '5900', 'Joypurhat Sadar', 'Joypurhat Sadar', 5, 19, NULL, NULL),
(1030, '5930', 'kalai', 'kalai', 5, 19, NULL, NULL),
(1031, '5920', 'Khetlal', 'Khetlal', 5, 19, NULL, NULL),
(1032, '5910', 'panchbibi', 'Panchbibi', 5, 19, NULL, NULL),
(1033, '6596', 'Ahsanganj', 'Ahsanganj', 5, 20, NULL, NULL),
(1034, '6597', 'Ahsanganj', 'Bandai', 5, 20, NULL, NULL),
(1035, '6570', 'Badalgachhi', 'Badalgachhi', 5, 20, NULL, NULL),
(1036, '6580', 'Dhamuirhat', 'Dhamuirhat', 5, 20, NULL, NULL),
(1037, '6530', 'Mahadebpur', 'Mahadebpur', 5, 20, NULL, NULL),
(1038, '6500', 'Naogaon Sadar', 'Naogaon Sadar', 5, 20, NULL, NULL),
(1039, '6520', 'Niamatpur', 'Niamatpur', 5, 20, NULL, NULL),
(1040, '6550', 'Nitpur', 'Nitpur', 5, 20, NULL, NULL),
(1041, '6552', 'Nitpur', 'Panguria', 5, 20, NULL, NULL),
(1042, '6551', 'Nitpur', 'Porsa', 5, 20, NULL, NULL),
(1043, '6540', 'Patnitala', 'Patnitala', 5, 20, NULL, NULL),
(1044, '6512', 'Prasadpur', 'Balihar', 5, 20, NULL, NULL),
(1045, '6511', 'Prasadpur', 'Manda', 5, 20, NULL, NULL),
(1046, '6510', 'Prasadpur', 'Prasadpur', 5, 20, NULL, NULL),
(1047, '6591', 'Raninagar', 'Kashimpur', 5, 20, NULL, NULL),
(1048, '6590', 'Raninagar', 'Raninagar', 5, 20, NULL, NULL),
(1049, '6561', 'Sapahar', 'Moduhil', 5, 20, NULL, NULL),
(1050, '6560', 'Sapahar', 'Sapahar', 5, 20, NULL, NULL),
(1051, '6422', 'Gopalpur UPO', 'Abdulpur', 5, 21, NULL, NULL),
(1052, '6420', 'Gopalpur UPO', 'Gopalpur U.P.O', 5, 21, NULL, NULL),
(1053, '6421', 'Gopalpur UPO', 'Lalpur S.O', 5, 21, NULL, NULL),
(1054, '6432', 'Harua', 'Baraigram', 5, 21, NULL, NULL),
(1055, '6431', 'Harua', 'Dayarampur', 5, 21, NULL, NULL),
(1056, '6430', 'Harua', 'Harua', 5, 21, NULL, NULL),
(1057, '6440', 'Hatgurudaspur', 'Hatgurudaspur', 5, 21, NULL, NULL),
(1058, '6410', 'Laxman', 'Laxman', 5, 21, NULL, NULL),
(1059, '6402', 'Natore Sadar', 'Baiddyabal Gharia', 5, 21, NULL, NULL),
(1060, '6401', 'Natore Sadar', 'Digapatia', 5, 21, NULL, NULL),
(1061, '6403', 'Natore Sadar', 'Madhnagar', 5, 21, NULL, NULL),
(1062, '6400', 'Natore Sadar', 'Natore Sadar', 5, 21, NULL, NULL),
(1063, '6450', 'Singra', 'Singra', 5, 21, NULL, NULL),
(1064, '6650', 'Banwarinagar', 'Banwarinagar', 5, 23, NULL, NULL),
(1065, '6680', 'Bera', 'Bera', 5, 23, NULL, NULL),
(1066, '6682', 'Bera', 'Kashinathpur', 5, 23, NULL, NULL),
(1067, '6681', 'Bera', 'Nakalia', 5, 23, NULL, NULL),
(1068, '6683', 'Bera', 'Puran Bharenga', 5, 23, NULL, NULL),
(1069, '6640', 'Bhangura', 'Bhangura', 5, 23, NULL, NULL),
(1070, '6630', 'Chatmohar', 'Chatmohar', 5, 23, NULL, NULL),
(1071, '6610', 'Debottar', 'Debottar', 5, 23, NULL, NULL),
(1072, '6621', 'Ishwardi', 'Dhapari', 5, 23, NULL, NULL),
(1073, '6620', 'Ishwardi', 'Ishwardi', 5, 23, NULL, NULL),
(1074, '6622', 'Ishwardi', 'Pakshi', 5, 23, NULL, NULL),
(1075, '6623', 'Ishwardi', 'Rajapur', 5, 23, NULL, NULL),
(1076, '6602', 'Pabna Sadar', 'Hamayetpur', 5, 23, NULL, NULL),
(1077, '6601', 'Pabna Sadar', 'Kaliko Cotton Mills', 5, 23, NULL, NULL),
(1078, '6600', 'Pabna Sadar', 'Pabna Sadar', 5, 23, NULL, NULL),
(1079, '6670', 'Sathia', 'Sathia', 5, 23, NULL, NULL),
(1080, '6661', 'Sujanagar', 'Sagarkandi', 5, 23, NULL, NULL),
(1081, '6660', 'Sujanagar', 'Sujanagar', 5, 23, NULL, NULL),
(1082, '6281', 'Bagha', 'Arani', 5, 24, NULL, NULL),
(1083, '6280', 'Bagha', 'Bagha', 5, 24, NULL, NULL),
(1084, '6250', 'Bhabaniganj', 'Bhabaniganj', 5, 24, NULL, NULL),
(1085, '6251', 'Bhabaniganj', 'Taharpur', 5, 24, NULL, NULL),
(1086, '6270', 'Charghat', 'Charghat', 5, 24, NULL, NULL),
(1087, '6271', 'Charghat', 'Sarda', 5, 24, NULL, NULL),
(1088, '6240', 'Durgapur', 'Durgapur', 5, 24, NULL, NULL),
(1089, '6290', 'Godagari', 'Godagari', 5, 24, NULL, NULL),
(1090, '6291', 'Godagari', 'Premtoli', 5, 24, NULL, NULL),
(1091, '6220', 'Khod Mohanpur', 'Khodmohanpur', 5, 24, NULL, NULL),
(1092, '6210', 'Lalitganj', 'Lalitganj', 5, 24, NULL, NULL),
(1093, '6211', 'Lalitganj', 'Rajshahi Sugar Mills', 5, 24, NULL, NULL),
(1094, '6212', 'Lalitganj', 'Shyampur', 5, 24, NULL, NULL),
(1095, '6260', 'Putia', 'Putia', 5, 24, NULL, NULL),
(1096, '6206', 'Rajshahi Sadar', 'Binodpur Bazar', 5, 24, NULL, NULL),
(1097, '6100', 'Rajshahi Sadar', 'Ghuramara', 5, 24, NULL, NULL),
(1098, '6204', 'Rajshahi Sadar', 'Kazla', 5, 24, NULL, NULL),
(1099, '6202', 'Rajshahi Sadar', 'Rajshahi Canttonment', 5, 24, NULL, NULL),
(1100, '6201', 'Rajshahi Sadar', 'Rajshahi Court', 5, 24, NULL, NULL),
(1101, '6000', 'Rajshahi Sadar', 'Rajshahi Sadar', 5, 24, NULL, NULL),
(1102, '6205', 'Rajshahi Sadar', 'Rajshahi University', 5, 24, NULL, NULL),
(1103, '6203', 'Rajshahi Sadar', 'Sapura', 5, 24, NULL, NULL),
(1104, '6230', 'Tanor', 'Tanor', 5, 24, NULL, NULL),
(1105, '6730', 'Baiddya Jam Toil', 'Baiddya Jam Toil', 5, 25, NULL, NULL),
(1106, '6740', 'Belkuchi', 'Belkuchi', 5, 25, NULL, NULL),
(1107, '6751', 'Belkuchi', 'Enayetpur', 5, 25, NULL, NULL),
(1108, '6742', 'Belkuchi', 'Rajapur', 5, 25, NULL, NULL),
(1109, '6741', 'Belkuchi', 'Sohagpur', 5, 25, NULL, NULL),
(1110, '6752', 'Belkuchi', 'Sthal', 5, 25, NULL, NULL),
(1111, '6720', 'Dhangora', 'Dhangora', 5, 25, NULL, NULL),
(1112, '6721', 'Dhangora', 'Malonga', 5, 25, NULL, NULL),
(1113, '6712', 'Kazipur', 'Gandail', 5, 25, NULL, NULL),
(1114, '6710', 'Kazipur', 'Kazipur', 5, 25, NULL, NULL),
(1115, '6711', 'Kazipur', 'Shuvgachha', 5, 25, NULL, NULL),
(1116, '6772', 'Shahjadpur', 'Jamirta', 5, 25, NULL, NULL),
(1117, '6773', 'Shahjadpur', 'Kaijuri', 5, 25, NULL, NULL),
(1118, '6771', 'Shahjadpur', 'Porjana', 5, 25, NULL, NULL),
(1119, '6770', 'Shahjadpur', 'Shahjadpur', 5, 25, NULL, NULL),
(1120, '6701', 'Sirajganj Sadar', 'Raipur', 5, 25, NULL, NULL),
(1121, '6702', 'Sirajganj Sadar', 'Rashidabad', 5, 25, NULL, NULL),
(1122, '6700', 'Sirajganj Sadar', 'Sirajganj Sadar', 5, 25, NULL, NULL),
(1123, '6780', 'Tarash', 'Tarash', 5, 25, NULL, NULL),
(1124, '6762', 'Ullapara', 'Lahiri Mohanpur', 5, 25, NULL, NULL),
(1125, '6763', 'Ullapara', 'Salap', 5, 25, NULL, NULL),
(1126, '6760', 'Ullapara', 'Ullapara', 5, 25, NULL, NULL),
(1127, '6761', 'Ullapara', 'Ullapara R.S', 5, 25, NULL, NULL),
(1128, '5270', 'Bangla Hili', 'Bangla Hili', 6, 26, NULL, NULL),
(1129, '5210', 'Biral', 'Biral', 6, 26, NULL, NULL),
(1130, '5266', 'Birampur', 'Birampur', 6, 26, NULL, NULL),
(1131, '5220', 'Birganj', 'Birganj', 6, 26, NULL, NULL),
(1132, '5240', 'Chrirbandar', 'Chrirbandar', 6, 26, NULL, NULL),
(1133, '5241', 'Chrirbandar', 'Ranirbandar', 6, 26, NULL, NULL),
(1134, '5201', 'Dinajpur Sadar', 'Dinajpur Rajbari', 6, 26, NULL, NULL),
(1135, '5200', 'Dinajpur Sadar', 'Dinajpur Sadar', 6, 26, NULL, NULL),
(1136, '5230', 'Khansama', 'Khansama', 6, 26, NULL, NULL),
(1137, '5231', 'Khansama', 'Pakarhat', 6, 26, NULL, NULL),
(1138, '5226', 'Maharajganj', 'Maharajganj', 6, 26, NULL, NULL),
(1139, '5281', 'Nababganj', 'Daudpur', 6, 26, NULL, NULL),
(1140, '5282', 'Nababganj', 'Gopalpur', 6, 26, NULL, NULL),
(1141, '5280', 'Nababganj', 'Nababganj', 6, 26, NULL, NULL),
(1142, '5291', 'Osmanpur', 'Ghoraghat', 6, 26, NULL, NULL),
(1143, '5290', 'Osmanpur', 'Osmanpur', 6, 26, NULL, NULL),
(1144, '5250', 'Parbatipur', 'Parbatipur', 6, 26, NULL, NULL),
(1145, '5260', 'Phulbari', 'Phulbari', 6, 26, NULL, NULL),
(1146, '5216', 'Setabganj', 'Setabganj', 6, 26, NULL, NULL),
(1147, '5750', 'Bonarpara', 'Bonarpara', 6, 27, NULL, NULL),
(1148, '5751', 'Bonarpara', 'saghata', 6, 27, NULL, NULL),
(1149, '5700', 'Gaibandha Sadar', 'Gaibandha Sadar', 6, 27, NULL, NULL),
(1150, '5740', 'Gobindaganj', 'Gobindhaganj', 6, 27, NULL, NULL),
(1151, '5741', 'Gobindaganj', 'Mahimaganj', 6, 27, NULL, NULL),
(1152, '5730', 'Palashbari', 'Palashbari', 6, 27, NULL, NULL),
(1153, '5761', 'Phulchhari', 'Bharatkhali', 6, 27, NULL, NULL),
(1154, '5760', 'Phulchhari', 'Phulchhari', 6, 27, NULL, NULL),
(1155, '5711', 'Saadullapur', 'Naldanga', 6, 27, NULL, NULL),
(1156, '5710', 'Saadullapur', 'Saadullapur', 6, 27, NULL, NULL),
(1157, '5721', 'Sundarganj', 'Bamandanga', 6, 27, NULL, NULL),
(1158, '5720', 'Sundarganj', 'Sundarganj', 6, 27, NULL, NULL),
(1159, '5670', 'Bhurungamari', 'Bhurungamari', 6, 28, NULL, NULL),
(1160, '5630', 'Chilmari', 'Chilmari', 6, 28, NULL, NULL),
(1161, '5631', 'Chilmari', 'Jorgachh', 6, 28, NULL, NULL),
(1162, '5600', 'Kurigram Sadar', 'Kurigram Sadar', 6, 28, NULL, NULL),
(1163, '5601', 'Kurigram Sadar', 'Pandul', 6, 28, NULL, NULL),
(1164, '5680', 'Kurigram Sadar', 'Phulbari', 6, 28, NULL, NULL),
(1165, '5660', 'Nageshwar', 'Nageshwar', 6, 28, NULL, NULL),
(1166, '5611', 'Rajarhat', 'Nazimkhan', 6, 28, NULL, NULL),
(1167, '5610', 'Rajarhat', 'Rajarhat', 6, 28, NULL, NULL),
(1168, '5650', 'Rajibpur', 'Rajibpur', 6, 28, NULL, NULL),
(1169, '5640', 'Roumari', 'Roumari', 6, 28, NULL, NULL),
(1170, '5621', 'Ulipur', 'Bazarhat', 6, 28, NULL, NULL),
(1171, '5620', 'Ulipur', 'Ulipur', 6, 28, NULL, NULL),
(1172, '5510', 'Aditmari', 'Aditmari', 6, 29, NULL, NULL),
(1173, '5530', 'Hatibandha', 'Hatibandha', 6, 29, NULL, NULL),
(1174, '5502', 'Lalmonirhat Sadar', 'Kulaghat SO', 6, 29, NULL, NULL),
(1175, '5500', 'Lalmonirhat Sadar', 'Lalmonirhat Sadar', 6, 29, NULL, NULL),
(1176, '5501', 'Lalmonirhat Sadar', 'Moghalhat', 6, 29, NULL, NULL),
(1177, '5541', 'Patgram', 'Baura', 6, 29, NULL, NULL),
(1178, '5542', 'Patgram', 'Burimari', 6, 29, NULL, NULL),
(1179, '5540', 'Patgram', 'Patgram', 6, 29, NULL, NULL),
(1180, '5520', 'Tushbhandar', 'Tushbhandar', 6, 29, NULL, NULL),
(1181, '5350', 'Dimla', 'Dimla', 6, 30, NULL, NULL),
(1182, '5351', 'Dimla', 'Ghaga Kharibari', 6, 30, NULL, NULL),
(1183, '5341', 'Domar', 'Chilahati', 6, 30, NULL, NULL),
(1184, '5340', 'Domar', 'Domar', 6, 30, NULL, NULL),
(1185, '5330', 'Jaldhaka', 'Jaldhaka', 6, 30, NULL, NULL),
(1186, '5320', 'Kishoriganj', 'Kishoriganj', 6, 30, NULL, NULL),
(1187, '5300', 'Nilphamari Sadar', 'Nilphamari Sadar', 6, 30, NULL, NULL),
(1188, '5301', 'Nilphamari Sadar', 'Nilphamari Sugar Mil', 6, 30, NULL, NULL),
(1189, '5310', 'Syedpur', 'Syedpur', 6, 30, NULL, NULL),
(1190, '5311', 'Syedpur', 'Syedpur Upashahar', 6, 30, NULL, NULL),
(1191, '5010', 'Boda', 'Boda', 6, 31, NULL, NULL),
(1192, '5040', 'Chotto Dab', 'Chotto Dab', 6, 31, NULL, NULL),
(1193, '5041', 'Chotto Dab', 'Mirjapur', 6, 31, NULL, NULL),
(1194, '5020', 'Dabiganj', 'Dabiganj', 6, 31, NULL, NULL),
(1195, '5000', 'Panchagra Sadar', 'Panchagar Sadar', 6, 31, NULL, NULL),
(1196, '5030', 'Tetulia', 'Tetulia', 6, 31, NULL, NULL),
(1197, '5430', 'Badarganj', 'Badarganj', 6, 32, NULL, NULL),
(1198, '5431', 'Badarganj', 'Shyampur', 6, 32, NULL, NULL),
(1199, '5410', 'Gangachara', 'Gangachara', 6, 32, NULL, NULL),
(1200, '5441', 'Kaunia', 'Haragachh', 6, 32, NULL, NULL),
(1201, '5440', 'Kaunia', 'Kaunia', 6, 32, NULL, NULL),
(1202, '5460', 'Mithapukur', 'Mithapukur', 6, 32, NULL, NULL),
(1203, '5450', 'Pirgachha', 'Pirgachha', 6, 32, NULL, NULL),
(1204, '5402', 'Rangpur Sadar', 'Alamnagar', 6, 32, NULL, NULL),
(1205, '5403', 'Rangpur Sadar', 'Mahiganj', 6, 32, NULL, NULL),
(1206, '5404', 'Rangpur Sadar', 'Rangpur Cadet Colleg', 6, 32, NULL, NULL),
(1207, '5405', 'Rangpur Sadar', 'Rangpur Carmiecal Col', 6, 32, NULL, NULL),
(1208, '5400', 'Rangpur Sadar', 'Rangpur Sadar', 6, 32, NULL, NULL),
(1209, '5401', 'Rangpur Sadar', 'Rangpur Upa-Shahar', 6, 32, NULL, NULL),
(1210, '5420', 'Taraganj', 'Taraganj', 6, 32, NULL, NULL),
(1211, '5140', 'Baliadangi', 'Baliadangi', 6, 33, NULL, NULL),
(1212, '5141', 'Baliadangi', 'Lahiri', 6, 33, NULL, NULL),
(1213, '5130', 'Jibanpur', 'Jibanpur', 6, 33, NULL, NULL),
(1214, '5110', 'Pirganj', 'Pirganj', 6, 33, NULL, NULL),
(1215, '5470', 'Pirganj', 'Pirganj', 6, 33, NULL, NULL),
(1216, '5121', 'Rani Sankail', 'Nekmarad', 6, 33, NULL, NULL),
(1217, '5120', 'Rani Sankail', 'Rani Sankail', 6, 33, NULL, NULL),
(1218, '5103', 'Thakurgaon Sadar', 'Ruhia', 6, 33, NULL, NULL),
(1219, '5102', 'Thakurgaon Sadar', 'Shibganj', 6, 33, NULL, NULL),
(1220, '5101', 'Thakurgaon Sadar', 'Thakurgaon Road', 6, 33, NULL, NULL),
(1221, '5100', 'Thakurgaon Sadar', 'Thakurgaon Sadar', 6, 33, NULL, NULL),
(1222, '3360', 'Azmireeganj', 'Azmireeganj', 7, 51, NULL, NULL),
(1223, '3310', 'Bahubal', 'Bahubal', 7, 51, NULL, NULL),
(1224, '3350', 'Baniachang', 'Baniachang', 7, 51, NULL, NULL),
(1225, '3351', 'Baniachang', 'Jatrapasha', 7, 51, NULL, NULL),
(1226, '3352', 'Baniachang', 'Kadirganj', 7, 51, NULL, NULL),
(1227, '3321', 'Chunarughat', 'Chandpurbagan', 7, 51, NULL, NULL),
(1228, '3320', 'Chunarughat', 'Chunarughat', 7, 51, NULL, NULL),
(1229, '3322', 'Chunarughat', 'Narapati', 7, 51, NULL, NULL),
(1230, '3302', 'Hobiganj Sadar', 'Gopaya', 7, 51, NULL, NULL),
(1231, '3300', 'Hobiganj Sadar', 'Hobiganj Sadar', 7, 51, NULL, NULL),
(1232, '3301', 'Hobiganj Sadar', 'Shaestaganj', 7, 51, NULL, NULL),
(1233, '3340', 'Kalauk', 'Kalauk', 7, 51, NULL, NULL),
(1234, '3341', 'Kalauk', 'Lakhai', 7, 51, NULL, NULL),
(1235, '3331', 'Madhabpur', 'Itakhola', 7, 51, NULL, NULL),
(1236, '3330', 'Madhabpur', 'Madhabpur', 7, 51, NULL, NULL),
(1237, '3333', 'Madhabpur', 'Saihamnagar', 7, 51, NULL, NULL),
(1238, '3332', 'Madhabpur', 'Shahajibazar', 7, 51, NULL, NULL),
(1239, '3373', 'Nabiganj', 'Digalbak', 7, 51, NULL, NULL),
(1240, '3372', 'Nabiganj', 'Golduba', 7, 51, NULL, NULL),
(1241, '3371', 'Nabiganj', 'Goplarbazar', 7, 51, NULL, NULL),
(1242, '3374', 'Nabiganj', 'Inathganj', 7, 51, NULL, NULL),
(1243, '3370', 'Nabiganj', 'Nabiganj', 7, 51, NULL, NULL),
(1244, '3250', 'Baralekha', 'Baralekha', 7, 52, NULL, NULL),
(1245, '3252', 'Baralekha', 'Dhakkhinbag', 7, 52, NULL, NULL),
(1246, '3251', 'Baralekha', 'Juri', 7, 52, NULL, NULL),
(1247, '3253', 'Baralekha', 'Purbashahabajpur', 7, 52, NULL, NULL),
(1248, '3220', 'Kamalganj', 'Kamalganj', 7, 52, NULL, NULL),
(1249, '3221', 'Kamalganj', 'Keramatnaga', 7, 52, NULL, NULL),
(1250, '3224', 'Kamalganj', 'Munshibazar', 7, 52, NULL, NULL),
(1251, '3222', 'Kamalganj', 'Patrakhola', 7, 52, NULL, NULL),
(1252, '3223', 'Kamalganj', 'Shamsher Nagar', 7, 52, NULL, NULL),
(1253, '3237', 'Kulaura', 'Baramchal', 7, 52, NULL, NULL),
(1254, '3234', 'Kulaura', 'Kajaldhara', 7, 52, NULL, NULL),
(1255, '3235', 'Kulaura', 'Karimpur', 7, 52, NULL, NULL),
(1256, '3230', 'Kulaura', 'Kulaura', 7, 52, NULL, NULL),
(1257, '3232', 'Kulaura', 'Langla', 7, 52, NULL, NULL),
(1258, '3233', 'Kulaura', 'Prithimpasha', 7, 52, NULL, NULL),
(1259, '3231', 'Kulaura', 'Tillagaon', 7, 52, NULL, NULL),
(1260, '3203', 'Moulvibazar Sadar', 'Afrozganj', 7, 52, NULL, NULL),
(1261, '3201', 'Moulvibazar Sadar', 'Barakapan', 7, 52, NULL, NULL),
(1262, '3202', 'Moulvibazar Sadar', 'Monumukh', 7, 52, NULL, NULL),
(1263, '3200', 'Moulvibazar Sadar', 'Moulvibazar Sadar', 7, 52, NULL, NULL),
(1264, '3240', 'Rajnagar', 'Rajnagar', 7, 52, NULL, NULL),
(1265, '3212', 'Srimangal', 'Kalighat', 7, 52, NULL, NULL),
(1266, '3213', 'Srimangal', 'Khejurichhara', 7, 52, NULL, NULL),
(1267, '3211', 'Srimangal', 'Narain Chora', 7, 52, NULL, NULL),
(1268, '3214', 'Srimangal', 'Satgaon', 7, 52, NULL, NULL),
(1269, '3210', 'Srimangal', 'Srimangal', 7, 52, NULL, NULL),
(1270, '3010', 'Bishamsarpur', 'Bishamsapur', 7, 53, NULL, NULL),
(1271, '3080', 'Chhatak', 'Chhatak', 7, 53, NULL, NULL),
(1272, '3081', 'Chhatak', 'Chhatak Cement Facto', 7, 53, NULL, NULL),
(1273, '3082', 'Chhatak', 'Chhatak Paper Mills', 7, 53, NULL, NULL),
(1274, '3893', 'Chhatak', 'Chourangi Bazar', 7, 53, NULL, NULL),
(1275, '3083', 'Chhatak', 'Gabindaganj', 7, 53, NULL, NULL),
(1276, '3084', 'Chhatak', 'Gabindaganj Natun Ba', 7, 53, NULL, NULL),
(1277, '3088', 'Chhatak', 'Islamabad', 7, 53, NULL, NULL),
(1278, '3087', 'Chhatak', 'jahidpur', 7, 53, NULL, NULL),
(1279, '3085', 'Chhatak', 'Khurma', 7, 53, NULL, NULL),
(1280, '3086', 'Chhatak', 'Moinpur', 7, 53, NULL, NULL),
(1281, '3040', 'Dhirai Chandpur', 'Dhirai Chandpur', 7, 53, NULL, NULL),
(1282, '3041', 'Dhirai Chandpur', 'Jagdal', 7, 53, NULL, NULL),
(1283, '3070', 'Duara bazar', 'Duara bazar', 7, 53, NULL, NULL),
(1284, '3050', 'Ghungiar', 'Ghungiar', 7, 53, NULL, NULL),
(1285, '3062', 'Jagnnathpur', 'Atuajan', 7, 53, NULL, NULL),
(1286, '3063', 'Jagnnathpur', 'Hasan Fatemapur', 7, 53, NULL, NULL),
(1287, '3060', 'Jagnnathpur', 'Jagnnathpur', 7, 53, NULL, NULL),
(1288, '3064', 'Jagnnathpur', 'Rasulganj', 7, 53, NULL, NULL),
(1289, '3065', 'Jagnnathpur', 'Shiramsi', 7, 53, NULL, NULL),
(1290, '3061', 'Jagnnathpur', 'Syedpur', 7, 53, NULL, NULL),
(1291, '3020', 'Sachna', 'Sachna', 7, 53, NULL, NULL),
(1292, '3001', 'Sunamganj Sadar', 'Pagla', 7, 53, NULL, NULL),
(1293, '3002', 'Sunamganj Sadar', 'Patharia', 7, 53, NULL, NULL),
(1294, '3000', 'Sunamganj Sadar', 'Sunamganj Sadar', 7, 53, NULL, NULL),
(1295, '3030', 'Tahirpur', 'Tahirpur', 7, 53, NULL, NULL),
(1296, '3120', 'Balaganj', 'Balaganj', 7, 54, NULL, NULL),
(1297, '3125', 'Balaganj', 'Begumpur', 7, 54, NULL, NULL),
(1298, '3122', 'Balaganj', 'Brahman Shashon', 7, 54, NULL, NULL),
(1299, '3128', 'Balaganj', 'Gaharpur', 7, 54, NULL, NULL),
(1300, '3124', 'Balaganj', 'Goala Bazar', 7, 54, NULL, NULL),
(1301, '3121', 'Balaganj', 'Karua', 7, 54, NULL, NULL),
(1302, '3127', 'Balaganj', 'Kathal Khair', 7, 54, NULL, NULL),
(1303, '3129', 'Balaganj', 'Natun Bazar', 7, 54, NULL, NULL),
(1304, '3126', 'Balaganj', 'Omarpur', 7, 54, NULL, NULL),
(1305, '3123', 'Balaganj', 'Tajpur', 7, 54, NULL, NULL),
(1306, '3170', 'Bianibazar', 'Bianibazar', 7, 54, NULL, NULL),
(1307, '3175', 'Bianibazar', 'Churkai', 7, 54, NULL, NULL),
(1308, '3171', 'Bianibazar', 'jaldup', 7, 54, NULL, NULL),
(1309, '3173', 'Bianibazar', 'Kurar bazar', 7, 54, NULL, NULL),
(1310, '3172', 'Bianibazar', 'Mathiura', 7, 54, NULL, NULL),
(1311, '3174', 'Bianibazar', 'Salia bazar', 7, 54, NULL, NULL),
(1312, '3130', 'Bishwanath', 'Bishwanath', 7, 54, NULL, NULL),
(1313, '3131', 'Bishwanath', 'Dashghar', 7, 54, NULL, NULL),
(1314, '3133', 'Bishwanath', 'Deokalas', 7, 54, NULL, NULL),
(1315, '3132', 'Bishwanath', 'Doulathpur', 7, 54, NULL, NULL),
(1316, '3134', 'Bishwanath', 'Singer kanch', 7, 54, NULL, NULL),
(1317, '3116', 'Fenchuganj', 'Fenchuganj', 7, 54, NULL, NULL),
(1318, '3117', 'Fenchuganj', 'Fenchuganj SareKarkh', 7, 54, NULL, NULL),
(1319, '3152', 'Goainhat', 'Chiknagul', 7, 54, NULL, NULL),
(1320, '3150', 'Goainhat', 'Goainhat', 7, 54, NULL, NULL),
(1321, '3151', 'Goainhat', 'Jaflong', 7, 54, NULL, NULL),
(1322, '3164', 'Gopalganj', 'banigram', 7, 54, NULL, NULL),
(1323, '3165', 'Gopalganj', 'Chandanpur', 7, 54, NULL, NULL),
(1324, '3162', 'Gopalganj', 'Dakkhin Bhadashore', 7, 54, NULL, NULL),
(1325, '3161', 'Gopalganj', 'Dhaka Dakkhin', 7, 54, NULL, NULL),
(1326, '3160', 'Gopalganj', 'Gopalgannj', 7, 54, NULL, NULL),
(1327, '3163', 'Gopalganj', 'Ranaping', 7, 54, NULL, NULL),
(1328, '3156', 'Jaintapur', 'Jainthapur', 7, 54, NULL, NULL),
(1329, '3191', 'Jakiganj', 'Ichhamati', 7, 54, NULL, NULL),
(1330, '3190', 'Jakiganj', 'Jakiganj', 7, 54, NULL, NULL),
(1331, '3181', 'Kanaighat', 'Chatulbazar', 7, 54, NULL, NULL),
(1332, '3183', 'Kanaighat', 'Gachbari', 7, 54, NULL, NULL),
(1333, '3180', 'Kanaighat', 'Kanaighat', 7, 54, NULL, NULL),
(1334, '3182', 'Kanaighat', 'Manikganj', 7, 54, NULL, NULL),
(1335, '3140', 'Kompanyganj', 'Kompanyganj', 7, 54, NULL, NULL),
(1336, '3106', 'Sylhet Sadar', 'Birahimpur', 7, 54, NULL, NULL),
(1337, '3107', 'Sylhet Sadar', 'Jalalabad', 7, 54, NULL, NULL),
(1338, '3104', 'Sylhet Sadar', 'Jalalabad Cantoment', 7, 54, NULL, NULL),
(1339, '3111', 'Sylhet Sadar', 'Kadamtali', 7, 54, NULL, NULL),
(1340, '3112', 'Sylhet Sadar', 'Kamalbazer', 7, 54, NULL, NULL),
(1341, '3103', 'Sylhet Sadar', 'Khadimnagar', 7, 54, NULL, NULL),
(1342, '3113', 'Sylhet Sadar', 'Lalbazar', 7, 54, NULL, NULL),
(1343, '3108', 'Sylhet Sadar', 'Mogla', 7, 54, NULL, NULL),
(1344, '3109', 'Sylhet Sadar', 'Ranga Hajiganj', 7, 54, NULL, NULL),
(1345, '3114', 'Sylhet Sadar', 'Shahajalal Science &', 7, 54, NULL, NULL),
(1346, '3105', 'Sylhet Sadar', 'Silam', 7, 54, NULL, NULL),
(1347, '3100', 'Sylhet Sadar', 'Sylhe Sadar', 7, 54, NULL, NULL),
(1348, '3102', 'Sylhet Sadar', 'Sylhet Biman Bondar', 7, 54, NULL, NULL),
(1349, '3101', 'Sylhet Sadar', 'Sylhet Cadet Col', 7, 54, NULL, NULL);